FIPS,state,total_pop,prop_vaccine_intent,prop_vaccine_intent_lower,prop_vaccine_intent_upper
1001,AL,55639.0,0.26,0.24,0.27
1003,AL,218289.0,0.31,0.3,0.32
1005,AL,25026.0,0.21,0.18,0.24
1007,AL,22374.0,0.24,0.19,0.29
1009,AL,57755.0,0.23,0.21,0.25
1011,AL,10173.0,0.2,0.16,0.23
1013,AL,19726.0,0.22,0.19,0.26
1015,AL,114324.0,0.25,0.24,0.26
1017,AL,33427.0,0.2,0.18,0.22
1019,AL,26035.0,0.23,0.2,0.25
1021,AL,44147.0,0.24,0.21,0.26
1023,AL,12755.0,0.22,0.17,0.26
1025,AL,23866.0,0.18,0.16,0.21
1027,AL,13285.0,0.23,0.17,0.28
1029,AL,14952.0,0.22,0.17,0.27
1031,AL,52238.0,0.23,0.21,0.24
1033,AL,54957.0,0.23,0.22,0.25
1035,AL,12219.0,0.17,0.13,0.22
1037,AL,10696.0,0.27,0.2,0.34
1039,AL,37096.0,0.23,0.21,0.25
1041,AL,13826.0,0.2,0.16,0.24
1043,AL,83345.0,0.2,0.19,0.22
1045,AL,49293.0,0.18,0.16,0.19
1047,AL,38184.0,0.19,0.17,0.21
1049,AL,71430.0,0.21,0.19,0.22
1051,AL,81526.0,0.26,0.25,0.27
1053,AL,36775.0,0.21,0.19,0.22
1055,AL,102721.0,0.24,0.23,0.26
1057,AL,16406.0,0.23,0.19,0.26
1059,AL,31587.0,0.21,0.18,0.24
1061,AL,26383.0,0.21,0.18,0.24
1063,AL,8221.0,0.12,0.07,0.16
1065,AL,14754.0,0.22,0.17,0.26
1067,AL,17123.0,0.21,0.17,0.24
1069,AL,105319.0,0.24,0.23,0.25
1071,AL,51765.0,0.2,0.18,0.21
1073,AL,658615.0,0.29,0.28,0.29
1075,AL,13854.0,0.15,0.11,0.18
1077,AL,92870.0,0.26,0.25,0.28
1079,AL,32969.0,0.23,0.2,0.26
1081,AL,163461.0,0.23,0.23,0.24
1083,AL,96921.0,0.27,0.26,0.28
1085,AL,9936.0,0.25,0.2,0.29
1087,AL,18437.0,0.2,0.16,0.24
1089,AL,367686.0,0.31,0.3,0.31
1091,AL,19138.0,0.19,0.16,0.22
1093,AL,29818.0,0.16,0.14,0.19
1095,AL,96137.0,0.23,0.22,0.25
1097,AL,413977.0,0.24,0.23,0.25
1099,AL,21006.0,0.21,0.18,0.24
1101,AL,226451.0,0.25,0.25,0.26
1103,AL,119352.0,0.24,0.23,0.25
1105,AL,9104.0,0.19,0.13,0.24
1107,AL,20049.0,0.24,0.2,0.28
1109,AL,33274.0,0.21,0.19,0.23
1111,AL,22732.0,0.18,0.15,0.22
1113,AL,57938.0,0.19,0.18,0.21
1115,AL,88929.0,0.23,0.22,0.24
1117,AL,216350.0,0.31,0.3,0.32
1119,AL,12595.0,0.07,0.04,0.1
1121,AL,80244.0,0.24,0.22,0.25
1123,AL,40450.0,0.22,0.21,0.24
1125,AL,208854.0,0.26,0.25,0.27
1127,AL,63802.0,0.23,0.21,0.25
1129,AL,16336.0,0.18,0.14,0.22
1131,AL,10552.0,0.19,0.14,0.24
1133,AL,23712.0,0.23,0.19,0.26
2013,AK,3389.0,,,
2016,AK,5708.0,0.18,0.1,0.25
2020,AK,292090.0,0.24,0.24,0.25
2050,AK,18263.0,0.2,0.18,0.21
2060,AK,739.0,,,
2063,AK,6495.0,0.23,0.19,0.26
2066,AK,2894.0,0.26,0.19,0.33
2068,AK,2502.0,,,
2070,AK,4934.0,0.21,0.16,0.27
2090,AK,98455.0,0.2,0.19,0.21
2100,AK,2547.0,0.18,0.13,0.23
2105,AK,2135.0,,,
2110,AK,32099.0,0.29,0.27,0.3
2122,AK,58809.0,0.2,0.19,0.22
2130,AK,13833.0,0.2,0.18,0.22
2150,AK,13383.0,0.19,0.16,0.22
2158,AK,8298.0,,,
2164,AK,1156.0,,,
2170,AK,107360.0,0.22,0.21,0.22
2180,AK,10009.0,0.18,0.12,0.23
2185,AK,9375.0,0.19,0.15,0.23
2188,AK,7709.0,0.18,0.12,0.24
2195,AK,3278.0,0.19,0.14,0.25
2198,AK,6338.0,0.21,0.15,0.27
2220,AK,8569.0,0.17,0.14,0.2
2230,AK,1300.0,0.22,0.15,0.29
2240,AK,6911.0,0.17,0.13,0.21
2275,AK,2510.0,0.14,0.09,0.19
2282,AK,597.0,,,
2290,AK,5305.0,0.24,0.23,0.26
4001,AZ,71714.0,0.17,0.15,0.18
4003,AZ,126442.0,0.25,0.24,0.26
4005,AZ,142254.0,0.26,0.25,0.27
4007,AZ,53846.0,0.22,0.2,0.24
4009,AZ,38304.0,0.16,0.15,0.18
4011,AZ,9465.0,0.19,0.16,0.23
4012,AZ,21035.0,0.26,0.23,0.28
4013,AZ,4412779.0,0.32,0.32,0.32
4015,AZ,210998.0,0.28,0.27,0.29
4017,AZ,110271.0,0.17,0.16,0.18
4019,AZ,1038476.0,0.35,0.34,0.35
4021,AZ,447559.0,0.33,0.32,0.33
4023,AZ,46594.0,0.26,0.24,0.28
4025,AZ,232396.0,0.31,0.3,0.31
4027,AZ,211931.0,0.26,0.25,0.27
5001,AR,17761.0,0.19,0.16,0.22
5003,AR,20000.0,0.15,0.12,0.18
5005,AR,41673.0,0.23,0.22,0.25
5007,AR,273510.0,0.27,0.27,0.28
5009,AR,37525.0,0.23,0.21,0.25
5011,AR,10805.0,0.14,0.11,0.17
5013,AR,5160.0,0.14,0.1,0.18
5015,AR,28062.0,0.25,0.22,0.27
5017,AR,10433.0,0.17,0.12,0.23
5019,AR,22341.0,0.19,0.17,0.22
5021,AR,14710.0,0.13,0.09,0.16
5023,AR,25063.0,0.26,0.23,0.29
5025,AR,8063.0,0.18,0.13,0.23
5027,AR,23620.0,0.18,0.16,0.21
5029,AR,20895.0,0.19,0.16,0.22
5031,AR,109081.0,0.17,0.16,0.18
5033,AR,63118.0,0.22,0.2,0.24
5035,AR,48381.0,0.22,0.2,0.24
5037,AR,16576.0,0.15,0.11,0.18
5039,AR,7114.0,0.17,0.11,0.22
5041,AR,11538.0,0.15,0.1,0.2
5043,AR,18263.0,0.18,0.15,0.21
5045,AR,124800.0,0.23,0.22,0.23
5047,AR,17785.0,0.18,0.15,0.2
5049,AR,12301.0,0.18,0.13,0.23
5051,AR,99043.0,0.23,0.22,0.24
5053,AR,18229.0,0.2,0.17,0.22
5055,AR,45197.0,0.17,0.15,0.18
5057,AR,21695.0,0.2,0.17,0.24
5059,AR,33667.0,0.18,0.16,0.21
5061,AR,13267.0,0.16,0.12,0.21
5063,AR,37585.0,0.18,0.16,0.2
5065,AR,13596.0,0.17,0.13,0.21
5067,AR,16908.0,0.15,0.12,0.18
5069,AR,68123.0,0.18,0.17,0.2
5071,AR,26475.0,0.19,0.16,0.22
5073,AR,6728.0,0.15,0.07,0.23
5075,AR,16511.0,0.15,0.12,0.19
5077,AR,8963.0,0.13,0.07,0.19
5079,AR,13278.0,0.17,0.15,0.19
5081,AR,12345.0,0.19,0.14,0.24
5083,AR,21619.0,0.21,0.18,0.24
5085,AR,73163.0,0.21,0.2,0.22
5087,AR,16393.0,0.22,0.19,0.25
5089,AR,16586.0,0.27,0.24,0.3
5091,AR,43515.0,0.18,0.16,0.2
5093,AR,41396.0,0.17,0.15,0.19
5095,AR,6879.0,0.24,0.18,0.31
5097,AR,8964.0,0.15,0.09,0.21
5099,AR,8249.0,0.22,0.15,0.3
5101,AR,7753.0,0.13,0.09,0.17
5103,AR,23597.0,0.16,0.14,0.18
5105,AR,10342.0,0.19,0.16,0.23
5107,AR,18151.0,0.14,0.11,0.16
5109,AR,10714.0,0.15,0.1,0.19
5111,AR,23747.0,0.15,0.12,0.17
5113,AR,19999.0,0.19,0.17,0.22
5115,AR,63926.0,0.22,0.2,0.23
5117,AR,8138.0,0.23,0.17,0.29
5119,AR,393078.0,0.23,0.22,0.23
5121,AR,17934.0,0.16,0.12,0.19
5123,AR,25477.0,0.17,0.15,0.19
5125,AR,120990.0,0.2,0.19,0.21
5127,AR,10269.0,0.25,0.2,0.29
5129,AR,7898.0,0.22,0.14,0.29
5131,AR,127670.0,0.21,0.2,0.22
5133,AR,16947.0,0.25,0.2,0.3
5135,AR,17217.0,0.16,0.13,0.19
5137,AR,12582.0,0.19,0.16,0.22
5139,AR,39089.0,0.2,0.19,0.22
5141,AR,16578.0,0.18,0.15,0.21
5143,AR,236198.0,0.28,0.27,0.29
5145,AR,78725.0,0.19,0.18,0.21
5147,AR,6477.0,0.24,0.18,0.31
5149,AR,21425.0,0.21,0.18,0.23
6001,CA,1661584.0,0.29,0.29,0.29
6003,CA,1159.0,0.24,0.19,0.3
6005,CA,39023.0,0.28,0.26,0.3
6007,CA,223344.0,0.25,0.24,0.26
6009,CA,45828.0,0.25,0.23,0.27
6011,CA,21491.0,0.26,0.23,0.29
6013,CA,1147788.0,0.27,0.27,0.28
6015,CA,27692.0,0.24,0.22,0.26
6017,CA,190345.0,0.31,0.3,0.31
6019,CA,990204.0,0.24,0.23,0.24
6021,CA,28060.0,0.21,0.18,0.24
6023,CA,136101.0,0.25,0.24,0.26
6025,CA,180580.0,0.23,0.22,0.24
6027,CA,17930.0,0.23,0.18,0.29
6029,CA,892458.0,0.21,0.2,0.21
6031,CA,151090.0,0.21,0.19,0.22
6033,CA,64276.0,0.26,0.24,0.27
6035,CA,30600.0,0.2,0.18,0.22
6037,CA,10040682.0,0.29,0.29,0.29
6039,CA,155925.0,0.24,0.23,0.25
6041,CA,259441.0,0.33,0.32,0.34
6043,CA,17319.0,0.25,0.23,0.28
6045,CA,87110.0,0.26,0.25,0.28
6047,CA,273661.0,0.19,0.18,0.2
6049,CA,8853.0,0.16,0.12,0.2
6051,CA,14395.0,0.27,0.25,0.29
6053,CA,432977.0,0.29,0.28,0.3
6055,CA,138572.0,0.3,0.29,0.31
6057,CA,99417.0,0.32,0.31,0.33
6059,CA,3170345.0,0.29,0.29,0.3
6061,CA,391799.0,0.31,0.3,0.31
6063,CA,18844.0,0.27,0.24,0.29
6065,CA,2437864.0,0.27,0.26,0.27
6067,CA,1537948.0,0.25,0.25,0.25
6069,CA,61547.0,0.3,0.29,0.32
6071,CA,2162532.0,0.24,0.23,0.24
6073,CA,3323970.0,0.32,0.31,0.32
6075,CA,874784.0,0.32,0.32,0.33
6077,CA,751615.0,0.22,0.22,0.22
6079,CA,282517.0,0.33,0.32,0.33
6081,CA,765623.0,0.34,0.33,0.34
6083,CA,444895.0,0.29,0.29,0.3
6085,CA,1924379.0,0.29,0.29,0.3
6087,CA,273170.0,0.32,0.31,0.33
6089,CA,179267.0,0.25,0.24,0.26
6091,CA,2898.0,0.29,0.2,0.39
6093,CA,43516.0,0.24,0.22,0.25
6095,CA,444538.0,0.26,0.25,0.26
6097,CA,496801.0,0.31,0.31,0.32
6099,CA,546235.0,0.23,0.22,0.23
6101,CA,96315.0,0.25,0.24,0.26
6103,CA,64176.0,0.22,0.21,0.24
6105,CA,12541.0,0.25,0.21,0.29
6107,CA,463955.0,0.22,0.21,0.22
6109,CA,54147.0,0.26,0.24,0.27
6111,CA,845599.0,0.32,0.32,0.33
6113,CA,218774.0,0.27,0.27,0.28
6115,CA,77524.0,0.24,0.23,0.25
8001,CO,509844.0,0.31,0.31,0.32
8003,CO,16153.0,0.2,0.18,0.22
8005,CO,649980.0,0.33,0.32,0.33
8007,CO,13588.0,0.21,0.19,0.22
8009,CO,3570.0,0.13,0.07,0.2
8011,CO,5677.0,0.14,0.1,0.18
8013,CO,324682.0,0.37,0.37,0.38
8014,CO,69444.0,0.35,0.34,0.37
8015,CO,19977.0,0.24,0.22,0.26
8017,CO,1999.0,0.21,0.15,0.27
8019,CO,9533.0,0.41,0.38,0.44
8021,CO,8130.0,,,
8023,CO,3810.0,0.1,0.07,0.14
8025,CO,5733.0,0.17,0.09,0.25
8027,CO,4941.0,0.23,0.18,0.28
8029,CO,30758.0,0.19,0.17,0.21
8031,CO,715878.0,0.31,0.31,0.32
8033,CO,1896.0,0.21,0.15,0.27
8035,CO,344280.0,0.35,0.35,0.36
8037,CO,54960.0,0.33,0.31,0.34
8039,CO,26230.0,0.29,0.26,0.32
8041,CO,710499.0,0.25,0.25,0.25
8043,CO,47725.0,0.23,0.21,0.24
8045,CO,59605.0,0.26,0.24,0.28
8047,CO,6108.0,0.35,0.29,0.4
8049,CO,15536.0,0.29,0.25,0.32
8051,CO,17119.0,0.23,0.21,0.26
8053,CO,781.0,,,
8055,CO,6769.0,0.23,0.19,0.26
8057,CO,1316.0,,,
8059,CO,578795.0,0.38,0.37,0.38
8061,CO,1463.0,,,
8063,CO,7246.0,0.1,0.07,0.13
8065,CO,7845.0,0.19,0.15,0.23
8067,CO,56138.0,0.26,0.24,0.27
8069,CO,350523.0,0.32,0.31,0.32
8071,CO,14323.0,0.22,0.2,0.25
8073,CO,5608.0,0.21,0.15,0.28
8075,CO,22282.0,0.23,0.2,0.25
8077,CO,152962.0,0.26,0.25,0.27
8079,CO,853.0,0.15,0.07,0.24
8081,CO,13150.0,0.16,0.13,0.18
8083,CO,26266.0,0.19,0.17,0.21
8085,CO,42280.0,0.21,0.19,0.22
8087,CO,28617.0,0.18,0.17,0.2
8089,CO,18284.0,0.17,0.14,0.19
8091,CO,4890.0,0.23,0.18,0.29
8093,CO,18345.0,0.31,0.27,0.35
8095,CO,4343.0,0.15,0.11,0.19
8097,CO,17980.0,0.3,0.28,0.32
8099,CO,12035.0,0.19,0.16,0.22
8101,CO,167412.0,0.25,0.24,0.26
8103,CO,6369.0,0.2,0.18,0.23
8105,CO,11300.0,0.18,0.15,0.21
8107,CO,25317.0,0.28,0.26,0.3
8109,CO,6730.0,0.18,0.12,0.23
8111,CO,646.0,,,
8113,CO,8110.0,0.3,0.26,0.34
8115,CO,2306.0,0.25,0.16,0.35
8117,CO,30735.0,0.37,0.35,0.39
8119,CO,24981.0,0.28,0.26,0.3
8121,CO,4869.0,0.16,0.12,0.2
8123,CO,315389.0,0.28,0.28,0.29
8125,CO,10013.0,0.16,0.13,0.19
9001,CT,944306.0,0.41,0.4,0.41
9003,CT,892153.0,0.4,0.39,0.4
9005,CT,181143.0,0.43,0.43,0.44
9007,CT,162742.0,0.42,0.41,0.43
9009,CT,855733.0,0.4,0.39,0.4
9011,CT,266868.0,0.38,0.37,0.38
9013,CT,150947.0,0.43,0.42,0.44
9015,CT,116657.0,0.39,0.38,0.4
10001,DE,179124.0,0.31,0.31,0.32
10003,DE,558306.0,0.37,0.37,0.38
10005,DE,230249.0,0.37,0.36,0.38
11001,DC,701974.0,0.31,0.3,0.31
12001,FL,268105.0,0.27,0.26,0.28
12003,FL,28679.0,0.19,0.17,0.21
12005,FL,180076.0,0.26,0.25,0.27
12007,FL,27723.0,0.19,0.17,0.22
12009,FL,594001.0,0.38,0.37,0.38
12011,FL,1942273.0,0.3,0.29,0.3
12013,FL,14324.0,0.19,0.16,0.22
12015,FL,185926.0,0.47,0.46,0.48
12017,FL,147938.0,0.36,0.35,0.37
12019,FL,215294.0,0.25,0.24,0.26
12021,FL,379345.0,0.48,0.47,0.48
12023,FL,70898.0,0.22,0.21,0.23
12027,FL,37371.0,0.34,0.31,0.37
12029,FL,16740.0,0.19,0.16,0.23
12031,FL,948651.0,0.24,0.24,0.25
12033,FL,316691.0,0.24,0.24,0.25
12035,FL,112854.0,0.35,0.34,0.36
12037,FL,11914.0,0.2,0.17,0.24
12039,FL,45787.0,0.19,0.17,0.2
12041,FL,18245.0,0.2,0.17,0.24
12043,FL,13777.0,0.32,0.3,0.34
12045,FL,15073.0,0.18,0.16,0.2
12047,FL,14397.0,0.23,0.18,0.28
12049,FL,27027.0,0.32,0.28,0.36
12051,FL,41472.0,0.27,0.25,0.29
12053,FL,190700.0,0.34,0.33,0.34
12055,FL,104574.0,0.36,0.35,0.38
12057,FL,1451358.0,0.29,0.29,0.29
12059,FL,19530.0,0.21,0.17,0.24
12061,FL,156964.0,0.37,0.36,0.38
12063,FL,47409.0,0.19,0.17,0.21
12065,FL,14278.0,0.2,0.16,0.24
12067,FL,8576.0,0.24,0.19,0.29
12069,FL,356115.0,0.34,0.33,0.34
12071,FL,756570.0,0.45,0.45,0.46
12073,FL,291863.0,0.25,0.25,0.26
12075,FL,40979.0,0.25,0.23,0.27
12077,FL,8333.0,0.22,0.17,0.26
12079,FL,18557.0,0.21,0.17,0.24
12081,FL,393847.0,0.39,0.39,0.4
12083,FL,360210.0,0.32,0.31,0.32
12085,FL,160420.0,0.41,0.4,0.42
12086,FL,2705528.0,0.26,0.26,0.27
12087,FL,75137.0,0.42,0.41,0.43
12089,FL,85762.0,0.29,0.28,0.3
12091,FL,207430.0,0.25,0.24,0.26
12093,FL,41611.0,0.23,0.19,0.27
12095,FL,1373784.0,0.29,0.29,0.3
12097,FL,363666.0,0.26,0.25,0.26
12099,FL,1482057.0,0.35,0.35,0.36
12101,FL,539885.0,0.35,0.35,0.36
12103,FL,970985.0,0.39,0.39,0.39
12105,FL,705735.0,0.3,0.29,0.3
12107,FL,73784.0,0.23,0.21,0.25
12109,FL,255410.0,0.31,0.31,0.32
12111,FL,320914.0,0.3,0.3,0.31
12113,FL,179587.0,0.25,0.24,0.26
12115,FL,427766.0,0.46,0.46,0.47
12117,FL,466695.0,0.33,0.32,0.33
12119,FL,129938.0,0.42,0.41,0.43
12121,FL,44290.0,0.2,0.18,0.22
12123,FL,21709.0,0.14,0.12,0.16
12125,FL,15282.0,0.2,0.17,0.23
12127,FL,546107.0,0.35,0.35,0.36
12129,FL,32855.0,0.22,0.2,0.24
12131,FL,71049.0,0.25,0.24,0.26
12133,FL,25094.0,0.24,0.21,0.27
13001,GA,18428.0,0.18,0.16,0.21
13003,GA,8311.0,0.18,0.12,0.24
13005,GA,11140.0,0.14,0.12,0.17
13007,GA,3090.0,0.18,0.07,0.28
13009,GA,45072.0,0.22,0.21,0.24
13011,GA,18900.0,0.23,0.21,0.26
13013,GA,81294.0,0.25,0.23,0.26
13015,GA,106456.0,0.23,0.22,0.25
13017,GA,16889.0,0.14,0.13,0.16
13019,GA,19206.0,0.16,0.13,0.19
13021,GA,153026.0,0.19,0.18,0.19
13023,GA,12870.0,0.2,0.16,0.23
13025,GA,18924.0,0.15,0.12,0.18
13027,GA,15548.0,0.2,0.15,0.24
13029,GA,38321.0,0.25,0.24,0.27
13031,GA,77719.0,0.16,0.15,0.18
13033,GA,22567.0,0.21,0.18,0.24
13035,GA,24463.0,0.23,0.21,0.26
13037,GA,6301.0,0.18,0.07,0.28
13039,GA,53960.0,0.2,0.19,0.21
13043,GA,10834.0,0.17,0.14,0.2
13045,GA,118692.0,0.24,0.23,0.25
13047,GA,67181.0,0.25,0.23,0.26
13049,GA,13032.0,0.22,0.15,0.28
13051,GA,289649.0,0.23,0.23,0.24
13053,GA,10470.0,0.1,0.09,0.12
13055,GA,24826.0,0.19,0.16,0.22
13057,GA,253780.0,0.29,0.28,0.3
13059,GA,126952.0,0.29,0.28,0.3
13061,GA,2931.0,0.1,0.02,0.18
13063,GA,287560.0,0.25,0.24,0.26
13065,GA,6648.0,0.14,0.08,0.19
13067,GA,756653.0,0.29,0.29,0.29
13069,GA,43070.0,0.17,0.15,0.19
13071,GA,45510.0,0.15,0.14,0.16
13073,GA,154257.0,0.22,0.21,0.23
13075,GA,17217.0,0.12,0.09,0.14
13077,GA,145839.0,0.32,0.31,0.33
13079,GA,12267.0,0.23,0.18,0.28
13081,GA,22509.0,0.22,0.2,0.24
13083,GA,16183.0,0.21,0.18,0.24
13085,GA,25277.0,0.27,0.25,0.29
13087,GA,26595.0,0.14,0.12,0.16
13089,GA,755287.0,0.3,0.3,0.3
13091,GA,20725.0,0.18,0.15,0.22
13093,GA,13571.0,0.12,0.08,0.16
13095,GA,88696.0,0.17,0.16,0.18
13097,GA,145063.0,0.25,0.25,0.26
13099,GA,10218.0,0.2,0.15,0.24
13101,GA,3944.0,0.17,0.13,0.21
13103,GA,62241.0,0.21,0.19,0.22
13105,GA,19164.0,0.16,0.14,0.19
13107,GA,22525.0,0.14,0.12,0.16
13109,GA,10671.0,0.15,0.12,0.19
13111,GA,25797.0,0.26,0.24,0.28
13113,GA,113544.0,0.35,0.34,0.36
13115,GA,97805.0,0.21,0.19,0.22
13117,GA,236605.0,0.3,0.29,0.31
13119,GA,23015.0,0.22,0.19,0.24
13121,GA,1051550.0,0.29,0.29,0.29
13123,GA,30986.0,0.22,0.2,0.24
13125,GA,2984.0,,,
13127,GA,85008.0,0.24,0.22,0.25
13129,GA,57756.0,0.2,0.19,0.22
13131,GA,24693.0,0.18,0.16,0.21
13133,GA,17808.0,0.31,0.28,0.34
13135,GA,926414.0,0.27,0.27,0.28
13137,GA,45204.0,0.25,0.23,0.26
13139,GA,201434.0,0.26,0.26,0.27
13141,GA,8500.0,0.23,0.18,0.29
13143,GA,29608.0,0.19,0.16,0.22
13145,GA,34676.0,0.25,0.23,0.28
13147,GA,25981.0,0.2,0.17,0.22
13149,GA,11785.0,0.28,0.22,0.35
13151,GA,229994.0,0.27,0.26,0.27
13153,GA,155317.0,0.23,0.22,0.24
13155,GA,9379.0,0.21,0.17,0.26
13157,GA,70467.0,0.26,0.25,0.27
13159,GA,14074.0,0.19,0.15,0.22
13161,GA,15063.0,0.15,0.11,0.18
13163,GA,15489.0,0.15,0.11,0.18
13165,GA,8787.0,0.16,0.11,0.21
13167,GA,9717.0,0.18,0.13,0.23
13169,GA,28622.0,0.18,0.17,0.2
13171,GA,18834.0,0.19,0.16,0.22
13173,GA,10534.0,0.19,0.13,0.26
13175,GA,47404.0,0.18,0.16,0.19
13177,GA,29735.0,0.17,0.15,0.19
13179,GA,62039.0,0.14,0.13,0.15
13181,GA,7929.0,0.18,0.14,0.22
13183,GA,19236.0,0.12,0.09,0.16
13185,GA,116436.0,0.19,0.18,0.2
13187,GA,33009.0,0.22,0.21,0.24
13189,GA,21404.0,0.19,0.16,0.22
13191,GA,14217.0,0.2,0.17,0.23
13193,GA,13107.0,0.18,0.14,0.22
13195,GA,29624.0,0.24,0.21,0.27
13197,GA,8450.0,0.16,0.11,0.22
13199,GA,21080.0,0.22,0.18,0.25
13201,GA,5725.0,0.08,0.04,0.12
13205,GA,22072.0,0.13,0.1,0.16
13207,GA,27455.0,0.24,0.22,0.26
13209,GA,9069.0,0.22,0.11,0.33
13211,GA,18832.0,0.25,0.22,0.28
13213,GA,39789.0,0.21,0.19,0.23
13215,GA,195418.0,0.24,0.24,0.25
13217,GA,109835.0,0.27,0.26,0.29
13219,GA,39194.0,0.29,0.27,0.31
13221,GA,15040.0,0.34,0.27,0.41
13223,GA,164440.0,0.24,0.23,0.25
13225,GA,27502.0,0.2,0.18,0.21
13227,GA,32002.0,0.29,0.27,0.3
13229,GA,19336.0,0.17,0.14,0.19
13231,GA,18565.0,0.27,0.23,0.31
13233,GA,42251.0,0.18,0.16,0.2
13235,GA,11185.0,0.18,0.15,0.21
13237,GA,21906.0,0.27,0.24,0.29
13239,GA,2290.0,0.05,0.0,0.1
13241,GA,16859.0,0.19,0.16,0.23
13243,GA,6888.0,0.12,0.06,0.18
13245,GA,202178.0,0.21,0.21,0.22
13247,GA,90155.0,0.21,0.21,0.22
13249,GA,5215.0,0.13,0.08,0.18
13251,GA,13977.0,0.22,0.19,0.24
13253,GA,8218.0,0.19,0.14,0.24
13255,GA,66043.0,0.23,0.21,0.24
13257,GA,25934.0,0.22,0.2,0.23
13259,GA,6446.0,,,
13261,GA,29714.0,0.17,0.15,0.19
13263,GA,6245.0,0.12,0.04,0.21
13265,GA,1596.0,,,
13267,GA,25392.0,0.16,0.14,0.19
13269,GA,8126.0,0.2,0.16,0.25
13271,GA,15871.0,0.17,0.12,0.21
13273,GA,8654.0,0.17,0.13,0.21
13275,GA,44545.0,0.21,0.19,0.23
13277,GA,40590.0,0.19,0.17,0.2
13279,GA,26947.0,0.25,0.22,0.27
13281,GA,11815.0,0.24,0.21,0.27
13283,GA,6787.0,0.12,0.08,0.16
13285,GA,70095.0,0.28,0.27,0.3
13287,GA,7920.0,0.17,0.11,0.22
13289,GA,8195.0,0.34,0.27,0.4
13291,GA,23999.0,0.24,0.22,0.26
13293,GA,26329.0,0.16,0.14,0.18
13295,GA,69398.0,0.22,0.2,0.23
13297,GA,93284.0,0.27,0.26,0.28
13299,GA,35745.0,0.18,0.16,0.2
13301,GA,5259.0,0.2,0.13,0.26
13303,GA,20316.0,0.2,0.17,0.22
13305,GA,29959.0,0.17,0.15,0.19
13307,GA,2587.0,,,
13309,GA,7897.0,0.17,0.1,0.23
13311,GA,29962.0,0.23,0.21,0.25
13313,GA,104122.0,0.19,0.18,0.2
13315,GA,8701.0,0.17,0.1,0.23
13317,GA,9797.0,0.17,0.14,0.21
13319,GA,8945.0,0.18,0.13,0.22
13321,GA,20346.0,0.17,0.13,0.21
15001,HI,201350.0,0.35,0.34,0.36
15003,HI,979682.0,0.29,0.28,0.29
15005,HI,436.0,,,
15007,HI,71949.0,0.35,0.33,0.36
15009,HI,166657.0,0.36,0.35,0.37
16001,ID,469473.0,0.25,0.25,0.26
16003,ID,4200.0,0.18,0.12,0.24
16005,ID,86742.0,0.2,0.19,0.21
16007,ID,6054.0,0.15,0.1,0.2
16009,ID,9231.0,0.22,0.19,0.25
16011,ID,46246.0,0.17,0.15,0.19
16013,ID,22729.0,0.3,0.27,0.32
16015,ID,7625.0,0.21,0.15,0.26
16017,ID,44688.0,0.2,0.19,0.22
16019,ID,116970.0,0.2,0.19,0.21
16021,ID,12156.0,0.34,0.31,0.38
16023,ID,2603.0,0.16,0.11,0.21
16025,ID,1069.0,0.16,0.07,0.26
16027,ID,223890.0,0.22,0.22,0.23
16029,ID,7028.0,0.24,0.2,0.28
16031,ID,23847.0,0.16,0.14,0.18
16033,ID,885.0,,,
16035,ID,8735.0,0.17,0.13,0.21
16037,ID,4193.0,0.18,0.14,0.22
16039,ID,27043.0,0.26,0.25,0.28
16041,ID,13736.0,0.15,0.12,0.18
16043,ID,13111.0,0.18,0.14,0.21
16045,ID,17771.0,0.23,0.2,0.26
16047,ID,15280.0,0.2,0.16,0.23
16049,ID,16511.0,0.17,0.15,0.19
16051,ID,29238.0,0.17,0.15,0.2
16053,ID,24074.0,0.18,0.16,0.21
16055,ID,161676.0,0.24,0.23,0.24
16057,ID,40052.0,0.26,0.25,0.28
16059,ID,7929.0,0.15,0.12,0.19
16061,ID,3850.0,,,
16063,ID,5342.0,0.18,0.12,0.24
16065,ID,39725.0,0.16,0.15,0.18
16067,ID,20817.0,0.15,0.13,0.17
16069,ID,40468.0,0.22,0.2,0.23
16071,ID,4429.0,0.16,0.11,0.21
16073,ID,11724.0,0.21,0.17,0.25
16075,ID,23705.0,0.23,0.2,0.25
16077,ID,7635.0,0.2,0.18,0.23
16079,ID,12700.0,0.19,0.16,0.23
16081,ID,11776.0,0.26,0.22,0.29
16083,ID,86198.0,0.22,0.21,0.23
16085,ID,11085.0,0.24,0.22,0.27
16087,ID,10128.0,0.17,0.14,0.21
17001,IL,65670.0,0.2,0.19,0.21
17003,IL,6011.0,0.13,0.05,0.21
17005,IL,16520.0,0.22,0.19,0.25
17007,IL,53293.0,0.3,0.28,0.32
17009,IL,6599.0,0.2,0.15,0.24
17011,IL,32878.0,0.31,0.28,0.33
17013,IL,4782.0,0.25,0.14,0.35
17015,IL,14398.0,0.25,0.21,0.28
17017,IL,12324.0,0.17,0.14,0.2
17019,IL,210006.0,0.28,0.28,0.29
17021,IL,32705.0,0.22,0.2,0.24
17023,IL,15602.0,0.25,0.21,0.28
17025,IL,13217.0,0.16,0.14,0.19
17027,IL,37549.0,0.23,0.21,0.26
17029,IL,51065.0,0.19,0.18,0.21
17031,IL,5169517.0,0.3,0.3,0.31
17033,IL,18833.0,0.19,0.16,0.21
17035,IL,10787.0,0.23,0.18,0.28
17037,IL,104588.0,0.3,0.29,0.31
17039,IL,15764.0,0.25,0.23,0.28
17041,IL,19551.0,0.26,0.22,0.29
17043,IL,926005.0,0.38,0.37,0.38
17045,IL,17272.0,0.22,0.19,0.26
17047,IL,6431.0,0.2,0.13,0.27
17049,IL,34151.0,0.21,0.19,0.23
17051,IL,21418.0,0.19,0.16,0.22
17053,IL,13155.0,0.2,0.17,0.24
17055,IL,38688.0,0.19,0.17,0.21
17057,IL,34654.0,0.27,0.24,0.29
17059,IL,4983.0,0.21,0.13,0.28
17061,IL,12988.0,0.17,0.13,0.2
17063,IL,50798.0,0.31,0.29,0.33
17065,IL,8151.0,0.22,0.17,0.26
17067,IL,17820.0,0.22,0.18,0.25
17069,IL,3890.0,0.19,0.13,0.25
17071,IL,6737.0,0.25,0.17,0.33
17073,IL,49032.0,0.33,0.31,0.35
17075,IL,27437.0,0.18,0.16,0.21
17077,IL,57517.0,0.25,0.23,0.26
17079,IL,9547.0,0.17,0.12,0.22
17081,IL,37774.0,0.22,0.2,0.24
17083,IL,21776.0,0.18,0.16,0.21
17085,IL,21429.0,0.28,0.26,0.31
17087,IL,12391.0,0.22,0.16,0.27
17089,IL,531756.0,0.37,0.36,0.37
17091,IL,109924.0,0.25,0.24,0.26
17093,IL,127583.0,0.34,0.33,0.35
17095,IL,50052.0,0.3,0.28,0.32
17097,IL,699682.0,0.34,0.34,0.35
17099,IL,108998.0,0.32,0.31,0.33
17101,IL,15830.0,0.17,0.13,0.2
17103,IL,34204.0,0.24,0.23,0.26
17105,IL,35757.0,0.27,0.24,0.29
17107,IL,28818.0,0.25,0.23,0.27
17109,IL,30107.0,0.3,0.27,0.32
17111,IL,307291.0,0.36,0.35,0.37
17113,IL,172164.0,0.29,0.28,0.3
17115,IL,104688.0,0.3,0.29,0.31
17117,IL,45243.0,0.24,0.22,0.25
17119,IL,264403.0,0.3,0.29,0.3
17121,IL,37524.0,0.21,0.19,0.23
17123,IL,11562.0,0.27,0.22,0.32
17125,IL,13486.0,0.26,0.22,0.3
17127,IL,14041.0,0.26,0.22,0.3
17129,IL,12261.0,0.23,0.19,0.27
17131,IL,15503.0,0.29,0.25,0.32
17133,IL,34444.0,0.31,0.3,0.33
17135,IL,28598.0,0.22,0.19,0.24
17137,IL,34012.0,0.23,0.21,0.25
17139,IL,14557.0,0.22,0.19,0.25
17141,IL,50793.0,0.3,0.28,0.32
17143,IL,181111.0,0.25,0.25,0.26
17145,IL,21092.0,0.21,0.18,0.24
17147,IL,16412.0,0.24,0.21,0.27
17149,IL,15571.0,0.17,0.14,0.2
17151,IL,4177.0,0.3,0.23,0.38
17153,IL,5414.0,,,
17155,IL,5720.0,0.27,0.2,0.33
17157,IL,31973.0,0.19,0.16,0.22
17159,IL,15677.0,0.19,0.16,0.21
17161,IL,142801.0,0.32,0.31,0.33
17163,IL,261186.0,0.25,0.24,0.26
17165,IL,23735.0,0.19,0.16,0.21
17167,IL,195963.0,0.29,0.28,0.29
17169,IL,6897.0,0.27,0.22,0.32
17171,IL,4982.0,0.25,0.19,0.31
17173,IL,21623.0,0.25,0.23,0.28
17175,IL,5393.0,0.29,0.21,0.36
17177,IL,44683.0,0.26,0.24,0.27
17179,IL,132524.0,0.27,0.26,0.28
17181,IL,16829.0,0.24,0.2,0.28
17183,IL,76704.0,0.21,0.2,0.22
17185,IL,11390.0,0.2,0.16,0.25
17187,IL,16981.0,0.26,0.22,0.29
17189,IL,13967.0,0.3,0.25,0.35
17191,IL,16309.0,0.2,0.16,0.24
17193,IL,13712.0,0.19,0.16,0.22
17195,IL,55583.0,0.29,0.27,0.31
17197,IL,689704.0,0.33,0.33,0.34
17199,IL,66929.0,0.26,0.25,0.28
17201,IL,283635.0,0.28,0.27,0.28
17203,IL,38503.0,0.27,0.25,0.29
18001,IN,35544.0,0.2,0.18,0.23
18003,IN,375520.0,0.25,0.24,0.25
18005,IN,83280.0,0.27,0.26,0.28
18007,IN,8695.0,0.22,0.16,0.27
18009,IN,11926.0,0.18,0.14,0.21
18011,IN,66875.0,0.32,0.3,0.33
18013,IN,15093.0,0.22,0.19,0.25
18015,IN,20137.0,0.23,0.19,0.26
18017,IN,37727.0,0.23,0.21,0.24
18019,IN,117410.0,0.27,0.26,0.28
18021,IN,26231.0,0.21,0.19,0.23
18023,IN,32186.0,0.23,0.21,0.26
18025,IN,10582.0,0.21,0.16,0.27
18027,IN,33277.0,0.22,0.2,0.24
18029,IN,49612.0,0.27,0.26,0.29
18031,IN,26587.0,0.24,0.21,0.26
18033,IN,43193.0,0.26,0.24,0.27
18035,IN,114461.0,0.23,0.22,0.24
18037,IN,42534.0,0.26,0.24,0.28
18039,IN,205184.0,0.23,0.22,0.24
18041,IN,23068.0,0.23,0.2,0.25
18043,IN,77879.0,0.28,0.27,0.29
18045,IN,16456.0,0.22,0.19,0.25
18047,IN,22750.0,0.21,0.17,0.25
18049,IN,20069.0,0.25,0.22,0.27
18051,IN,33711.0,0.23,0.21,0.26
18053,IN,66055.0,0.21,0.2,0.23
18055,IN,32174.0,0.25,0.22,0.27
18057,IN,330455.0,0.32,0.31,0.33
18059,IN,76614.0,0.27,0.26,0.28
18061,IN,40164.0,0.27,0.25,0.29
18063,IN,166806.0,0.27,0.26,0.27
18065,IN,48158.0,0.23,0.21,0.25
18067,IN,82486.0,0.23,0.22,0.25
18069,IN,36351.0,0.24,0.22,0.26
18071,IN,44077.0,0.24,0.22,0.25
18073,IN,33433.0,0.23,0.21,0.25
18075,IN,20697.0,0.22,0.19,0.26
18077,IN,32167.0,0.25,0.23,0.27
18079,IN,27639.0,0.25,0.23,0.28
18081,IN,156148.0,0.28,0.27,0.29
18083,IN,36833.0,0.22,0.2,0.24
18085,IN,79156.0,0.23,0.22,0.25
18087,IN,39537.0,0.23,0.2,0.26
18089,IN,485983.0,0.26,0.26,0.27
18091,IN,110026.0,0.27,0.26,0.28
18093,IN,45552.0,0.23,0.21,0.25
18095,IN,129486.0,0.24,0.23,0.25
18097,IN,957337.0,0.27,0.27,0.28
18099,IN,46336.0,0.23,0.22,0.25
18101,IN,10169.0,0.25,0.21,0.3
18103,IN,35684.0,0.21,0.18,0.23
18105,IN,147318.0,0.31,0.3,0.32
18107,IN,38295.0,0.21,0.2,0.23
18109,IN,70141.0,0.28,0.26,0.29
18111,IN,13981.0,0.26,0.22,0.31
18113,IN,47640.0,0.23,0.21,0.24
18115,IN,5890.0,0.24,0.17,0.31
18117,IN,19552.0,0.25,0.22,0.27
18119,IN,20854.0,0.28,0.25,0.31
18121,IN,16912.0,0.25,0.21,0.29
18123,IN,19091.0,0.25,0.22,0.28
18125,IN,12364.0,0.26,0.21,0.32
18127,IN,169482.0,0.29,0.28,0.3
18129,IN,25480.0,0.26,0.24,0.29
18131,IN,12482.0,0.22,0.18,0.25
18133,IN,37419.0,0.25,0.23,0.27
18135,IN,24694.0,0.22,0.19,0.25
18137,IN,28457.0,0.25,0.22,0.27
18139,IN,16632.0,0.23,0.19,0.27
18141,IN,270881.0,0.28,0.27,0.29
18143,IN,23785.0,0.21,0.19,0.23
18145,IN,44559.0,0.23,0.21,0.24
18147,IN,20364.0,0.24,0.21,0.28
18149,IN,22996.0,0.21,0.18,0.23
18151,IN,34591.0,0.26,0.24,0.28
18153,IN,20647.0,0.24,0.2,0.28
18155,IN,10727.0,0.23,0.15,0.31
18157,IN,193302.0,0.28,0.27,0.28
18159,IN,15154.0,0.28,0.24,0.32
18161,IN,7140.0,0.23,0.17,0.29
18163,IN,181548.0,0.26,0.25,0.27
18165,IN,15485.0,0.23,0.19,0.26
18167,IN,107305.0,0.23,0.22,0.24
18169,IN,31198.0,0.25,0.23,0.27
18171,IN,8219.0,0.18,0.11,0.25
18173,IN,62608.0,0.26,0.24,0.28
18175,IN,27942.0,0.25,0.22,0.28
18177,IN,66176.0,0.22,0.21,0.24
18179,IN,28010.0,0.23,0.2,0.25
18181,IN,24163.0,0.25,0.23,0.28
18183,IN,33899.0,0.23,0.21,0.24
19001,IA,7048.0,0.22,0.17,0.28
19003,IA,3633.0,0.24,0.17,0.31
19005,IA,13761.0,0.23,0.2,0.26
19007,IA,12462.0,0.21,0.18,0.24
19009,IA,5528.0,0.21,0.16,0.27
19011,IA,25558.0,0.26,0.24,0.28
19013,IA,131813.0,0.3,0.29,0.31
19015,IA,26381.0,0.28,0.25,0.3
19017,IA,25032.0,0.27,0.25,0.29
19019,IA,21141.0,0.24,0.21,0.27
19021,IA,19950.0,0.2,0.18,0.23
19023,IA,14508.0,0.27,0.23,0.31
19025,IA,9656.0,0.2,0.15,0.24
19027,IA,20150.0,0.28,0.26,0.31
19029,IA,12990.0,0.21,0.18,0.24
19031,IA,18475.0,0.28,0.26,0.31
19033,IA,42672.0,0.27,0.26,0.29
19035,IA,11281.0,0.27,0.23,0.3
19037,IA,11970.0,0.33,0.29,0.37
19039,IA,9383.0,0.25,0.22,0.29
19041,IA,16138.0,0.31,0.28,0.34
19043,IA,17527.0,0.24,0.21,0.27
19045,IA,46734.0,0.3,0.29,0.32
19047,IA,16998.0,0.17,0.14,0.2
19049,IA,90418.0,0.35,0.34,0.36
19051,IA,8977.0,0.19,0.15,0.22
19053,IA,7908.0,0.2,0.16,0.24
19055,IA,17107.0,0.24,0.21,0.27
19057,IA,39227.0,0.26,0.25,0.28
19059,IA,17260.0,0.25,0.23,0.28
19061,IA,97193.0,0.29,0.28,0.31
19063,IA,9322.0,0.19,0.16,0.22
19065,IA,19604.0,0.23,0.19,0.27
19067,IA,15713.0,0.27,0.24,0.29
19069,IA,10091.0,0.22,0.17,0.26
19071,IA,6895.0,0.2,0.15,0.26
19073,IA,8923.0,0.24,0.21,0.28
19075,IA,12262.0,0.23,0.2,0.27
19077,IA,10702.0,0.24,0.21,0.28
19079,IA,14905.0,0.27,0.24,0.31
19081,IA,10709.0,0.19,0.15,0.22
19083,IA,16924.0,0.23,0.2,0.26
19085,IA,14043.0,0.24,0.2,0.27
19087,IA,19889.0,0.27,0.25,0.3
19089,IA,9201.0,0.25,0.21,0.29
19091,IA,9518.0,0.25,0.21,0.28
19093,IA,6862.0,0.31,0.26,0.37
19095,IA,16155.0,0.3,0.27,0.33
19097,IA,19348.0,0.26,0.23,0.28
19099,IA,37032.0,0.25,0.23,0.27
19101,IA,18153.0,0.24,0.21,0.26
19103,IA,150819.0,0.34,0.34,0.35
19105,IA,20575.0,0.27,0.24,0.29
19107,IA,10163.0,0.19,0.16,0.23
19109,IA,14864.0,0.19,0.16,0.22
19111,IA,33946.0,0.26,0.24,0.28
19113,IA,225601.0,0.33,0.33,0.34
19115,IA,11125.0,0.22,0.18,0.26
19117,IA,8556.0,0.24,0.2,0.28
19119,IA,11800.0,0.15,0.12,0.17
19121,IA,16148.0,0.32,0.29,0.36
19123,IA,22351.0,0.23,0.2,0.25
19125,IA,33193.0,0.27,0.25,0.29
19127,IA,39804.0,0.29,0.27,0.31
19129,IA,15023.0,0.27,0.23,0.32
19131,IA,10588.0,0.23,0.2,0.27
19133,IA,8675.0,0.18,0.13,0.23
19135,IA,7761.0,0.2,0.17,0.23
19137,IA,10016.0,0.23,0.2,0.26
19139,IA,42703.0,0.31,0.29,0.33
19141,IA,13796.0,0.2,0.16,0.24
19143,IA,6016.0,0.15,0.1,0.2
19145,IA,15205.0,0.23,0.21,0.26
19147,IA,8941.0,0.23,0.2,0.27
19149,IA,25141.0,0.23,0.21,0.25
19151,IA,6725.0,0.26,0.21,0.32
19153,IA,485418.0,0.33,0.33,0.34
19155,IA,93478.0,0.32,0.31,0.33
19157,IA,18391.0,0.26,0.24,0.28
19159,IA,4922.0,0.21,0.11,0.31
19161,IA,9711.0,0.19,0.15,0.22
19163,IA,172938.0,0.32,0.31,0.33
19165,IA,11544.0,0.21,0.18,0.23
19167,IA,34900.0,0.18,0.17,0.2
19169,IA,97355.0,0.32,0.3,0.33
19171,IA,16962.0,0.21,0.18,0.25
19173,IA,6160.0,0.23,0.16,0.29
19175,IA,12303.0,0.26,0.22,0.3
19177,IA,7104.0,0.21,0.17,0.26
19179,IA,35102.0,0.24,0.22,0.26
19181,IA,50867.0,0.31,0.29,0.33
19183,IA,22100.0,0.29,0.26,0.31
19185,IA,6426.0,0.21,0.15,0.26
19187,IA,36348.0,0.25,0.23,0.26
19189,IA,10474.0,0.27,0.24,0.3
19191,IA,20090.0,0.26,0.23,0.29
19193,IA,102687.0,0.25,0.24,0.26
19195,IA,7422.0,0.25,0.19,0.3
19197,IA,12644.0,0.22,0.19,0.25
20001,KS,12503.0,0.19,0.17,0.22
20003,KS,7877.0,0.14,0.1,0.19
20005,KS,16210.0,0.23,0.21,0.26
20007,KS,4493.0,0.14,0.09,0.19
20009,KS,26209.0,0.15,0.13,0.17
20011,KS,14539.0,0.23,0.2,0.25
20013,KS,9575.0,0.18,0.15,0.21
20015,KS,66890.0,0.24,0.23,0.26
20017,KS,2604.0,0.11,0.03,0.19
20019,KS,3280.0,0.13,0.06,0.21
20021,KS,20017.0,0.21,0.18,0.25
20023,KS,2639.0,0.09,0.04,0.14
20025,KS,2006.0,0.13,0.07,0.19
20027,KS,8030.0,0.21,0.17,0.25
20029,KS,8831.0,0.19,0.16,0.23
20031,KS,8218.0,0.2,0.16,0.23
20033,KS,1759.0,0.13,0.04,0.21
20035,KS,35090.0,0.18,0.16,0.19
20037,KS,38874.0,0.19,0.18,0.21
20039,KS,2826.0,0.15,0.08,0.22
20041,KS,18614.0,0.2,0.17,0.22
20043,KS,7616.0,0.13,0.09,0.17
20045,KS,121304.0,0.29,0.28,0.3
20047,KS,2822.0,0.18,0.08,0.28
20049,KS,2502.0,0.12,0.06,0.18
20051,KS,28747.0,0.17,0.16,0.19
20053,KS,6176.0,0.14,0.1,0.18
20055,KS,36451.0,0.13,0.12,0.15
20057,KS,33718.0,0.16,0.14,0.17
20059,KS,25643.0,0.21,0.19,0.23
20061,KS,33309.0,0.16,0.14,0.18
20063,KS,2650.0,,,
20065,KS,2464.0,0.1,0.04,0.17
20067,KS,7324.0,0.15,0.12,0.18
20069,KS,6020.0,0.15,0.11,0.19
20071,KS,1156.0,0.14,0.09,0.19
20073,KS,6010.0,0.15,0.1,0.2
20075,KS,2552.0,0.11,0.06,0.16
20077,KS,5506.0,0.12,0.08,0.16
20079,KS,34434.0,0.19,0.17,0.21
20081,KS,3990.0,0.17,0.12,0.23
20083,KS,1872.0,0.09,0.02,0.16
20085,KS,13249.0,0.27,0.24,0.31
20087,KS,18974.0,0.21,0.18,0.24
20089,KS,2854.0,0.1,0.06,0.15
20091,KS,597574.0,0.35,0.34,0.35
20093,KS,3863.0,0.1,0.04,0.15
20095,KS,7173.0,0.14,0.08,0.19
20097,KS,2483.0,0.1,0.05,0.14
20099,KS,19938.0,0.14,0.12,0.16
20101,KS,1523.0,0.06,0.0,0.11
20103,KS,81499.0,0.25,0.24,0.27
20105,KS,3013.0,0.19,0.12,0.27
20107,KS,9687.0,0.2,0.15,0.24
20109,KS,2789.0,0.11,0.08,0.15
20111,KS,33237.0,0.2,0.18,0.22
20113,KS,28557.0,0.2,0.18,0.21
20115,KS,11865.0,0.18,0.15,0.21
20117,KS,9713.0,0.16,0.13,0.19
20119,KS,4120.0,0.08,0.02,0.14
20121,KS,33740.0,0.22,0.21,0.24
20123,KS,6053.0,0.14,0.11,0.17
20125,KS,32114.0,0.16,0.14,0.17
20127,KS,5551.0,0.18,0.15,0.21
20129,KS,2656.0,0.1,0.05,0.14
20131,KS,10109.0,0.14,0.11,0.17
20133,KS,16008.0,0.17,0.14,0.19
20135,KS,2838.0,0.1,0.04,0.16
20137,KS,5416.0,0.14,0.1,0.19
20139,KS,15855.0,0.23,0.2,0.26
20141,KS,3494.0,0.13,0.09,0.17
20143,KS,5776.0,0.13,0.09,0.17
20145,KS,6539.0,0.15,0.09,0.2
20147,KS,5297.0,0.14,0.11,0.18
20149,KS,24203.0,0.2,0.18,0.23
20151,KS,9324.0,0.18,0.15,0.21
20153,KS,2490.0,0.12,0.05,0.19
20155,KS,62421.0,0.2,0.18,0.21
20157,KS,4607.0,0.13,0.08,0.17
20159,KS,9532.0,0.15,0.11,0.19
20161,KS,74059.0,0.21,0.2,0.22
20163,KS,4985.0,0.11,0.07,0.15
20165,KS,2953.0,0.24,0.17,0.31
20167,KS,6896.0,0.17,0.13,0.21
20169,KS,54384.0,0.22,0.21,0.23
20171,KS,4893.0,0.14,0.1,0.18
20173,KS,515416.0,0.27,0.27,0.28
20175,KS,21902.0,0.18,0.15,0.21
20177,KS,177293.0,0.26,0.25,0.27
20179,KS,2515.0,0.21,0.11,0.31
20181,KS,5904.0,0.09,0.06,0.12
20183,KS,3594.0,0.15,0.11,0.2
20185,KS,4125.0,0.09,0.04,0.14
20187,KS,2030.0,0.13,0.06,0.2
20189,KS,5498.0,0.1,0.06,0.15
20191,KS,22928.0,0.25,0.22,0.27
20193,KS,7748.0,0.15,0.12,0.17
20195,KS,2802.0,0.12,0.04,0.2
20197,KS,6877.0,0.15,0.09,0.21
20199,KS,1583.0,0.16,0.11,0.21
20201,KS,5474.0,0.17,0.12,0.22
20203,KS,2112.0,0.18,0.11,0.25
20205,KS,8600.0,0.17,0.14,0.21
20207,KS,3117.0,0.17,0.09,0.25
20209,KS,165447.0,0.24,0.23,0.25
21001,KY,19366.0,0.2,0.17,0.22
21003,KY,21065.0,0.23,0.21,0.26
21005,KY,22580.0,0.33,0.31,0.36
21007,KY,7914.0,0.24,0.21,0.27
21009,KY,44026.0,0.23,0.22,0.25
21011,KY,12421.0,0.21,0.17,0.24
21013,KY,26426.0,0.19,0.16,0.21
21015,KY,132368.0,0.33,0.32,0.34
21017,KY,19998.0,0.28,0.26,0.31
21019,KY,47361.0,0.21,0.19,0.22
21021,KY,30090.0,0.33,0.31,0.35
21023,KY,8308.0,0.27,0.22,0.32
21025,KY,12802.0,0.25,0.21,0.29
21027,KY,20283.0,0.24,0.21,0.28
21029,KY,80921.0,0.31,0.3,0.33
21031,KY,12756.0,0.33,0.27,0.38
21033,KY,12679.0,0.23,0.19,0.26
21035,KY,38991.0,0.26,0.24,0.28
21037,KY,93608.0,0.37,0.35,0.38
21039,KY,4738.0,0.22,0.14,0.3
21041,KY,10691.0,0.24,0.21,0.28
21043,KY,26976.0,0.22,0.19,0.24
21045,KY,15968.0,0.25,0.19,0.31
21047,KY,71470.0,0.22,0.2,0.23
21049,KY,36152.0,0.31,0.29,0.33
21051,KY,20110.0,0.2,0.17,0.22
21053,KY,10175.0,0.21,0.16,0.26
21055,KY,8940.0,0.24,0.18,0.3
21057,KY,6660.0,0.19,0.15,0.23
21059,KY,101001.0,0.26,0.25,0.27
21061,KY,12195.0,0.27,0.22,0.32
21063,KY,7461.0,0.18,0.11,0.25
21065,KY,14187.0,0.25,0.22,0.28
21067,KY,322200.0,0.34,0.34,0.35
21069,KY,14519.0,0.22,0.19,0.25
21071,KY,35931.0,0.22,0.2,0.25
21073,KY,50744.0,0.38,0.37,0.39
21075,KY,6064.0,0.17,0.13,0.21
21077,KY,8760.0,0.17,0.12,0.22
21079,KY,17554.0,0.2,0.17,0.23
21081,KY,25107.0,0.26,0.23,0.29
21083,KY,37125.0,0.23,0.21,0.25
21085,KY,26313.0,0.24,0.21,0.27
21087,KY,11000.0,0.24,0.21,0.28
21089,KY,35359.0,0.22,0.19,0.24
21091,KY,8748.0,0.24,0.19,0.29
21093,KY,109627.0,0.26,0.25,0.27
21095,KY,26307.0,0.22,0.19,0.25
21097,KY,18763.0,0.24,0.22,0.27
21099,KY,18833.0,0.21,0.19,0.24
21101,KY,45550.0,0.27,0.25,0.28
21103,KY,15999.0,0.27,0.21,0.33
21105,KY,4461.0,0.1,0.05,0.15
21107,KY,45044.0,0.23,0.21,0.24
21109,KY,13368.0,0.19,0.16,0.22
21111,KY,768419.0,0.33,0.33,0.34
21113,KY,53476.0,0.3,0.28,0.31
21115,KY,22427.0,0.21,0.18,0.23
21117,KY,166552.0,0.34,0.33,0.35
21119,KY,15041.0,0.2,0.16,0.23
21121,KY,31288.0,0.21,0.18,0.24
21123,KY,14269.0,0.26,0.23,0.29
21125,KY,60631.0,0.23,0.21,0.24
21127,KY,15604.0,0.19,0.16,0.22
21129,KY,7088.0,0.24,0.19,0.29
21131,KY,10081.0,0.23,0.19,0.27
21133,KY,21936.0,0.19,0.16,0.22
21135,KY,13345.0,0.14,0.09,0.19
21137,KY,24493.0,0.27,0.24,0.3
21139,KY,9172.0,0.2,0.16,0.25
21141,KY,27049.0,0.24,0.22,0.26
21143,KY,8226.0,0.18,0.14,0.21
21145,KY,65485.0,0.25,0.24,0.26
21147,KY,17333.0,0.18,0.15,0.21
21149,KY,9202.0,0.25,0.2,0.3
21151,KY,92090.0,0.3,0.29,0.31
21153,KY,12346.0,0.22,0.19,0.26
21155,KY,19257.0,0.32,0.29,0.35
21157,KY,31225.0,0.27,0.25,0.29
21159,KY,11421.0,0.19,0.15,0.23
21161,KY,17122.0,0.28,0.25,0.31
21163,KY,28379.0,0.28,0.27,0.3
21165,KY,6463.0,0.24,0.19,0.29
21167,KY,21690.0,0.3,0.27,0.32
21169,KY,10062.0,0.23,0.19,0.27
21171,KY,10616.0,0.25,0.2,0.29
21173,KY,28042.0,0.24,0.21,0.26
21175,KY,13270.0,0.18,0.15,0.2
21177,KY,30815.0,0.22,0.2,0.24
21179,KY,45915.0,0.34,0.33,0.36
21181,KY,7189.0,0.29,0.22,0.36
21183,KY,24081.0,0.19,0.16,0.22
21185,KY,66508.0,0.36,0.35,0.37
21187,KY,10847.0,0.23,0.2,0.27
21189,KY,4416.0,0.14,0.1,0.18
21191,KY,14587.0,0.23,0.2,0.27
21193,KY,26266.0,0.22,0.2,0.25
21195,KY,58595.0,0.18,0.17,0.2
21197,KY,12283.0,0.27,0.23,0.31
21199,KY,64789.0,0.24,0.23,0.26
21201,KY,2139.0,0.2,0.11,0.29
21203,KY,16795.0,0.22,0.18,0.26
21205,KY,24534.0,0.25,0.22,0.27
21207,KY,17846.0,0.22,0.2,0.25
21209,KY,55961.0,0.28,0.27,0.3
21211,KY,48100.0,0.31,0.29,0.33
21213,KY,18319.0,0.22,0.2,0.25
21215,KY,18945.0,0.3,0.27,0.33
21217,KY,25572.0,0.25,0.23,0.26
21219,KY,12334.0,0.21,0.16,0.26
21221,KY,14569.0,0.23,0.2,0.26
21223,KY,8528.0,0.23,0.17,0.29
21225,KY,14582.0,0.29,0.25,0.32
21227,KY,130836.0,0.26,0.25,0.27
21229,KY,12044.0,0.39,0.34,0.44
21231,KY,20447.0,0.26,0.23,0.29
21233,KY,13021.0,0.22,0.18,0.27
21235,KY,36252.0,0.21,0.2,0.23
21237,KY,7188.0,0.25,0.19,0.31
21239,KY,26486.0,0.35,0.33,0.37
22001,LA,62371.0,0.18,0.16,0.19
22003,LA,25572.0,0.16,0.13,0.18
22005,LA,125061.0,0.22,0.21,0.23
22007,LA,22236.0,0.18,0.14,0.22
22009,LA,40465.0,0.18,0.16,0.2
22011,LA,37387.0,0.18,0.16,0.2
22013,LA,13391.0,0.14,0.1,0.17
22015,LA,126952.0,0.21,0.2,0.22
22017,LA,243243.0,0.21,0.2,0.22
22019,LA,202858.0,0.19,0.18,0.2
22021,LA,9959.0,0.14,0.09,0.19
22023,LA,6963.0,0.17,0.15,0.19
22025,LA,9586.0,0.16,0.09,0.23
22027,LA,15854.0,0.16,0.12,0.2
22029,LA,19533.0,0.24,0.2,0.27
22031,LA,27395.0,0.22,0.19,0.25
22033,LA,443158.0,0.24,0.24,0.25
22035,LA,6947.0,0.15,0.08,0.21
22037,LA,19228.0,0.26,0.22,0.3
22039,LA,33491.0,0.18,0.16,0.2
22041,LA,20109.0,0.11,0.09,0.14
22043,LA,22339.0,0.23,0.19,0.27
22045,LA,70763.0,0.22,0.2,0.23
22047,LA,32626.0,0.2,0.18,0.23
22049,LA,15822.0,0.21,0.17,0.25
22051,LA,434903.0,0.25,0.25,0.26
22053,LA,31425.0,0.18,0.16,0.2
22055,LA,243692.0,0.22,0.21,0.23
22057,LA,97980.0,0.18,0.17,0.19
22059,LA,14950.0,0.17,0.13,0.21
22061,LA,47118.0,0.17,0.16,0.19
22063,LA,140524.0,0.2,0.19,0.21
22065,LA,11137.0,0.18,0.14,0.21
22067,LA,25189.0,0.16,0.14,0.18
22069,LA,38505.0,0.2,0.18,0.22
22071,LA,391249.0,0.24,0.23,0.24
22073,LA,154679.0,0.2,0.19,0.21
22075,LA,23305.0,0.24,0.22,0.26
22077,LA,21883.0,0.19,0.17,0.22
22079,LA,130376.0,0.2,0.19,0.21
22081,LA,8462.0,0.13,0.08,0.17
22083,LA,20251.0,0.14,0.11,0.17
22085,LA,23915.0,0.22,0.18,0.26
22087,LA,46694.0,0.23,0.21,0.25
22089,LA,52856.0,0.25,0.24,0.27
22091,LA,10227.0,0.07,0.04,0.1
22093,LA,21142.0,0.23,0.2,0.25
22095,LA,43055.0,0.19,0.17,0.2
22097,LA,82786.0,0.16,0.15,0.18
22099,LA,53607.0,0.2,0.18,0.22
22101,LA,50020.0,0.18,0.17,0.19
22103,LA,258447.0,0.24,0.23,0.25
22105,LA,133753.0,0.19,0.18,0.2
22107,LA,4435.0,0.24,0.13,0.36
22109,LA,111297.0,0.18,0.17,0.19
22111,LA,22270.0,0.18,0.15,0.21
22113,LA,59787.0,0.16,0.14,0.17
22115,LA,49315.0,0.18,0.17,0.2
22117,LA,46325.0,0.17,0.15,0.19
22119,LA,38813.0,0.19,0.17,0.21
22121,LA,26395.0,0.23,0.21,0.25
22123,LA,10934.0,0.12,0.07,0.17
22125,LA,15441.0,0.18,0.15,0.21
22127,LA,14165.0,0.12,0.09,0.16
23001,ME,107958.0,0.38,0.37,0.39
23003,ME,67431.0,0.27,0.26,0.29
23005,ME,294520.0,0.39,0.39,0.4
23007,ME,29933.0,0.36,0.34,0.38
23009,ME,54832.0,0.35,0.33,0.36
23011,ME,122158.0,0.37,0.36,0.38
23013,ME,39809.0,0.37,0.35,0.38
23015,ME,34415.0,0.34,0.32,0.36
23017,ME,57741.0,0.35,0.33,0.37
23019,ME,151696.0,0.34,0.33,0.35
23021,ME,16864.0,0.31,0.29,0.34
23023,ME,35720.0,0.36,0.34,0.38
23025,ME,50573.0,0.37,0.35,0.38
23027,ME,39723.0,0.32,0.3,0.34
23029,ME,31378.0,0.35,0.32,0.38
23031,ME,206074.0,0.38,0.37,0.38
24001,MD,71002.0,0.26,0.25,0.27
24003,MD,575421.0,0.36,0.36,0.37
24005,MD,828193.0,0.35,0.34,0.35
24009,MD,92094.0,0.3,0.29,0.31
24011,MD,33260.0,0.26,0.23,0.28
24013,MD,168233.0,0.37,0.36,0.38
24015,MD,102889.0,0.3,0.29,0.32
24017,MD,161448.0,0.29,0.28,0.29
24019,MD,31994.0,0.24,0.22,0.26
24021,MD,255955.0,0.35,0.35,0.36
24023,MD,29155.0,0.24,0.22,0.25
24025,MD,253736.0,0.37,0.37,0.38
24027,MD,322407.0,0.39,0.38,0.39
24029,MD,19456.0,0.29,0.26,0.31
24031,MD,1047661.0,0.37,0.37,0.37
24033,MD,910551.0,0.29,0.29,0.29
24035,MD,50163.0,0.37,0.35,0.38
24037,MD,113182.0,0.28,0.27,0.29
24039,MD,25699.0,0.21,0.18,0.25
24041,MD,37087.0,0.34,0.33,0.36
24043,MD,150575.0,0.29,0.28,0.3
24045,MD,103222.0,0.27,0.26,0.28
24047,MD,51967.0,0.35,0.33,0.36
24510,MD,602274.0,0.31,0.31,0.32
25001,MA,213505.0,0.48,0.47,0.49
25003,MA,125927.0,0.48,0.47,0.49
25005,MA,563301.0,0.42,0.41,0.42
25007,MA,17430.0,0.33,0.28,0.37
25009,MA,787038.0,0.41,0.41,0.42
25011,MA,70529.0,0.34,0.32,0.35
25013,MA,466647.0,0.41,0.41,0.42
25015,MA,161361.0,0.45,0.44,0.46
25017,MA,1605899.0,0.43,0.42,0.43
25019,MA,11212.0,0.26,0.23,0.28
25021,MA,703740.0,0.44,0.44,0.45
25023,MA,518597.0,0.45,0.45,0.46
25025,MA,801162.0,0.34,0.34,0.35
25027,MA,826655.0,0.43,0.43,0.44
26001,MI,10396.0,,,
26003,MI,9098.0,0.22,0.18,0.25
26005,MI,117104.0,0.26,0.25,0.27
26007,MI,28431.0,0.27,0.26,0.29
26009,MI,23301.0,0.26,0.24,0.29
26011,MI,15013.0,0.29,0.24,0.33
26013,MI,8337.0,0.2,0.17,0.24
26015,MI,61045.0,0.27,0.25,0.28
26017,MI,103506.0,0.31,0.3,0.32
26019,MI,17703.0,0.27,0.24,0.3
26021,MI,153797.0,0.24,0.23,0.25
26023,MI,43428.0,0.23,0.22,0.25
26025,MI,133943.0,0.22,0.21,0.23
26027,MI,51613.0,0.25,0.23,0.27
26029,MI,26197.0,0.27,0.25,0.29
26031,MI,25435.0,0.26,0.23,0.29
26033,MI,37418.0,0.22,0.19,0.24
26035,MI,30655.0,0.22,0.19,0.24
26037,MI,78957.0,0.31,0.3,0.33
26039,MI,13904.0,0.25,0.22,0.29
26041,MI,35874.0,0.22,0.2,0.24
26043,MI,25373.0,0.25,0.22,0.27
26045,MI,109730.0,0.29,0.28,0.3
26047,MI,33175.0,0.28,0.26,0.3
26049,MI,406770.0,0.28,0.28,0.29
26051,MI,25312.0,0.24,0.22,0.27
26053,MI,14715.0,0.22,0.19,0.24
26055,MI,92640.0,0.27,0.25,0.28
26057,MI,40692.0,0.25,0.22,0.27
26059,MI,45707.0,0.28,0.26,0.3
26061,MI,35890.0,0.22,0.2,0.24
26063,MI,31105.0,0.23,0.21,0.26
26065,MI,290923.0,0.32,0.32,0.33
26067,MI,64401.0,0.25,0.24,0.27
26069,MI,25213.0,0.3,0.28,0.33
26071,MI,11099.0,0.23,0.19,0.26
26073,MI,70363.0,0.24,0.23,0.25
26075,MI,158174.0,0.26,0.25,0.26
26077,MI,264322.0,0.29,0.28,0.3
26079,MI,17725.0,0.21,0.18,0.24
26081,MI,652617.0,0.27,0.27,0.28
26083,MI,2102.0,,,
26085,MI,11805.0,0.29,0.24,0.34
26087,MI,87975.0,0.31,0.29,0.32
26089,MI,21649.0,0.31,0.3,0.33
26091,MI,98310.0,0.28,0.27,0.29
26093,MI,190832.0,0.36,0.35,0.37
26095,MI,6286.0,0.17,0.12,0.22
26097,MI,10781.0,0.22,0.17,0.27
26099,MI,870893.0,0.31,0.3,0.31
26101,MI,24539.0,0.24,0.22,0.27
26103,MI,66403.0,0.24,0.23,0.26
26105,MI,29062.0,0.25,0.23,0.27
26107,MI,43481.0,0.25,0.23,0.27
26109,MI,22902.0,0.22,0.18,0.25
26111,MI,83445.0,0.31,0.3,0.33
26113,MI,15075.0,0.25,0.2,0.29
26115,MI,150000.0,0.32,0.31,0.33
26117,MI,63516.0,0.24,0.23,0.26
26119,MI,9270.0,0.23,0.19,0.27
26121,MI,173679.0,0.26,0.26,0.27
26123,MI,48687.0,0.25,0.23,0.27
26125,MI,1255340.0,0.36,0.36,0.36
26127,MI,26545.0,0.24,0.21,0.27
26129,MI,20895.0,0.27,0.24,0.3
26131,MI,5802.0,0.27,0.19,0.34
26133,MI,23323.0,0.22,0.19,0.25
26135,MI,8282.0,0.25,0.21,0.29
26137,MI,24613.0,0.26,0.24,0.29
26139,MI,289162.0,0.28,0.27,0.29
26141,MI,12687.0,0.28,0.24,0.33
26143,MI,23863.0,0.28,0.26,0.3
26145,MI,191166.0,0.26,0.26,0.27
26147,MI,159285.0,0.3,0.29,0.31
26149,MI,60789.0,0.24,0.23,0.26
26151,MI,41179.0,0.26,0.24,0.28
26153,MI,8031.0,0.22,0.16,0.28
26155,MI,68176.0,0.3,0.28,0.31
26157,MI,52683.0,0.26,0.25,0.28
26159,MI,75416.0,0.26,0.24,0.27
26161,MI,368385.0,0.36,0.35,0.37
26163,MI,1753059.0,0.27,0.27,0.28
26165,MI,33433.0,0.22,0.2,0.24
27001,MN,15826.0,0.26,0.23,0.28
27003,MN,353775.0,0.32,0.31,0.32
27005,MN,34227.0,0.23,0.22,0.25
27007,MN,46784.0,0.18,0.17,0.19
27009,MN,40476.0,0.25,0.23,0.28
27011,MN,4974.0,0.19,0.14,0.25
27013,MN,67368.0,0.31,0.3,0.32
27015,MN,25076.0,0.3,0.28,0.32
27017,MN,35709.0,0.28,0.26,0.3
27019,MN,103561.0,0.34,0.33,0.35
27021,MN,29462.0,0.22,0.2,0.23
27023,MN,11876.0,0.23,0.2,0.26
27025,MN,55844.0,0.32,0.3,0.34
27027,MN,64029.0,0.26,0.25,0.28
27029,MN,8872.0,0.17,0.14,0.2
27031,MN,5402.0,0.28,0.24,0.32
27033,MN,11279.0,0.18,0.14,0.21
27035,MN,64775.0,0.23,0.22,0.24
27037,MN,425271.0,0.36,0.36,0.37
27039,MN,20807.0,0.24,0.22,0.27
27041,MN,37820.0,0.24,0.22,0.25
27043,MN,13727.0,0.28,0.24,0.31
27045,MN,21031.0,0.26,0.24,0.28
27047,MN,30465.0,0.29,0.27,0.32
27049,MN,46330.0,0.31,0.29,0.32
27051,MN,5962.0,0.28,0.24,0.32
27053,MN,1255296.0,0.35,0.34,0.35
27055,MN,18670.0,0.25,0.23,0.28
27057,MN,21287.0,0.23,0.21,0.26
27059,MN,40004.0,0.29,0.27,0.32
27061,MN,45180.0,0.27,0.26,0.29
27063,MN,9873.0,0.21,0.18,0.24
27065,MN,16205.0,0.27,0.23,0.3
27067,MN,42909.0,0.26,0.25,0.28
27069,MN,4272.0,0.26,0.2,0.31
27071,MN,12355.0,0.26,0.23,0.29
27073,MN,6645.0,0.21,0.17,0.26
27075,MN,10571.0,0.24,0.22,0.27
27077,MN,3747.0,0.21,0.17,0.26
27079,MN,28425.0,0.3,0.28,0.32
27081,MN,5641.0,0.19,0.1,0.28
27083,MN,25696.0,0.22,0.2,0.24
27085,MN,35788.0,0.29,0.28,0.31
27087,MN,5508.0,0.17,0.13,0.21
27089,MN,9353.0,0.19,0.14,0.23
27091,MN,19737.0,0.2,0.18,0.23
27093,MN,23149.0,0.26,0.23,0.28
27095,MN,25963.0,0.27,0.25,0.3
27097,MN,33119.0,0.24,0.21,0.26
27099,MN,39931.0,0.27,0.25,0.29
27101,MN,8247.0,0.25,0.19,0.31
27103,MN,34176.0,0.3,0.28,0.32
27105,MN,21667.0,0.2,0.17,0.22
27107,MN,6466.0,0.19,0.14,0.23
27109,MN,156446.0,0.28,0.27,0.29
27111,MN,58416.0,0.28,0.26,0.29
27113,MN,14110.0,0.22,0.19,0.24
27115,MN,29254.0,0.25,0.23,0.28
27117,MN,9163.0,0.18,0.14,0.22
27119,MN,31384.0,0.19,0.16,0.21
27121,MN,11107.0,0.22,0.18,0.26
27123,MN,546598.0,0.34,0.33,0.34
27125,MN,4005.0,0.24,0.19,0.28
27127,MN,15193.0,0.23,0.19,0.26
27129,MN,14572.0,0.21,0.18,0.24
27131,MN,66549.0,0.31,0.3,0.33
27133,MN,9386.0,0.19,0.15,0.22
27135,MN,15259.0,0.25,0.22,0.28
27137,MN,199499.0,0.3,0.29,0.31
27139,MN,147201.0,0.36,0.35,0.37
27141,MN,96015.0,0.28,0.27,0.29
27143,MN,14871.0,0.25,0.22,0.28
27145,MN,159788.0,0.28,0.27,0.29
27147,MN,36710.0,0.3,0.28,0.31
27149,MN,9770.0,0.22,0.18,0.25
27151,MN,9329.0,0.24,0.2,0.28
27153,MN,24603.0,0.21,0.19,0.24
27155,MN,3282.0,0.23,0.12,0.34
27157,MN,21564.0,0.28,0.25,0.3
27159,MN,13681.0,0.21,0.19,0.23
27161,MN,18658.0,0.3,0.26,0.33
27163,MN,259072.0,0.37,0.36,0.38
27165,MN,10903.0,0.21,0.17,0.25
27167,MN,6264.0,0.17,0.12,0.22
27169,MN,50744.0,0.29,0.28,0.31
27171,MN,136387.0,0.3,0.29,0.31
27173,MN,9775.0,0.24,0.2,0.28
28001,MS,31103.0,0.26,0.24,0.28
28003,MS,37058.0,0.21,0.19,0.23
28005,MS,12341.0,0.25,0.16,0.33
28007,MS,18308.0,0.19,0.16,0.21
28009,MS,8275.0,0.26,0.19,0.33
28011,MS,31253.0,0.18,0.16,0.2
28013,MS,14417.0,0.26,0.21,0.31
28015,MS,9972.0,0.19,0.13,0.24
28017,MS,17060.0,0.24,0.2,0.28
28019,MS,8206.0,0.24,0.18,0.3
28021,MS,9042.0,0.19,0.15,0.23
28023,MS,15612.0,0.22,0.17,0.27
28025,MS,19515.0,0.25,0.22,0.28
28027,MS,22685.0,0.18,0.16,0.2
28029,MS,28339.0,0.22,0.19,0.24
28031,MS,18810.0,0.18,0.15,0.21
28033,MS,182256.0,0.24,0.23,0.25
28035,MS,75162.0,0.19,0.18,0.21
28037,MS,7716.0,0.19,0.14,0.24
28039,MS,24098.0,0.19,0.16,0.21
28041,MS,13619.0,0.17,0.11,0.22
28043,MS,20927.0,0.22,0.19,0.24
28045,MS,47339.0,0.25,0.23,0.27
28047,MS,206169.0,0.23,0.22,0.23
28049,MS,235604.0,0.22,0.21,0.23
28051,MS,17414.0,0.17,0.13,0.21
28053,MS,8198.0,0.17,0.12,0.21
28055,MS,1223.0,,,
28057,MS,23396.0,0.2,0.18,0.23
28059,MS,142872.0,0.24,0.23,0.25
28061,MS,16454.0,0.23,0.19,0.28
28063,MS,7129.0,0.26,0.21,0.31
28065,MS,11182.0,0.25,0.17,0.33
28067,MS,68307.0,0.22,0.2,0.24
28069,MS,9829.0,0.21,0.13,0.28
28071,MS,54059.0,0.25,0.23,0.26
28073,MS,62693.0,0.22,0.21,0.24
28075,MS,75557.0,0.23,0.22,0.25
28077,MS,12595.0,0.13,0.09,0.18
28079,MS,22791.0,0.21,0.18,0.24
28081,MS,85304.0,0.26,0.24,0.27
28083,MS,28764.0,0.23,0.21,0.25
28085,MS,34197.0,0.2,0.18,0.22
28087,MS,58896.0,0.21,0.19,0.23
28089,MS,105482.0,0.26,0.25,0.27
28091,MS,24785.0,0.2,0.17,0.22
28093,MS,35502.0,0.23,0.2,0.25
28095,MS,35559.0,0.22,0.2,0.24
28097,MS,9956.0,0.27,0.23,0.32
28099,MS,29250.0,0.18,0.16,0.21
28101,MS,21215.0,0.16,0.13,0.19
28103,MS,10566.0,0.2,0.14,0.25
28105,MS,49593.0,0.25,0.24,0.27
28107,MS,34079.0,0.2,0.17,0.22
28109,MS,55512.0,0.22,0.21,0.24
28111,MS,11981.0,0.21,0.15,0.27
28113,MS,39365.0,0.24,0.21,0.26
28115,MS,31996.0,0.24,0.22,0.27
28117,MS,25155.0,0.21,0.19,0.23
28119,MS,7038.0,0.15,0.1,0.2
28121,MS,154119.0,0.25,0.24,0.26
28123,MS,28288.0,0.2,0.17,0.23
28125,MS,4427.0,0.29,0.21,0.37
28127,MS,26818.0,0.22,0.19,0.25
28129,MS,15919.0,0.22,0.17,0.27
28131,MS,18282.0,0.2,0.17,0.23
28133,MS,25759.0,0.13,0.11,0.15
28135,MS,14041.0,0.25,0.18,0.31
28137,MS,28419.0,0.2,0.18,0.23
28139,MS,21976.0,0.18,0.15,0.21
28141,MS,19396.0,0.17,0.14,0.2
28143,MS,9807.0,0.19,0.15,0.23
28145,MS,28578.0,0.24,0.21,0.26
28147,MS,14423.0,0.22,0.16,0.28
28149,MS,46030.0,0.23,0.21,0.24
28151,MS,45072.0,0.19,0.17,0.21
28153,MS,20344.0,0.19,0.15,0.22
28155,MS,9727.0,0.09,0.05,0.12
28157,MS,8727.0,0.17,0.12,0.23
28159,MS,18116.0,0.21,0.17,0.24
28161,MS,12276.0,0.24,0.19,0.28
28163,MS,28511.0,0.21,0.18,0.24
29001,MO,25468.0,0.24,0.22,0.26
29003,MO,17554.0,0.19,0.17,0.21
29005,MO,5180.0,0.2,0.15,0.24
29007,MO,25336.0,0.24,0.22,0.26
29009,MO,35615.0,0.21,0.2,0.23
29011,MO,11732.0,0.22,0.19,0.26
29013,MO,16282.0,0.2,0.16,0.23
29015,MO,19305.0,0.2,0.18,0.23
29017,MO,12181.0,0.2,0.12,0.28
29019,MO,179704.0,0.3,0.29,0.3
29021,MO,87904.0,0.25,0.24,0.27
29023,MO,42570.0,0.22,0.2,0.24
29025,MO,9052.0,0.23,0.17,0.29
29027,MO,44944.0,0.25,0.24,0.27
29029,MO,45823.0,0.24,0.23,0.26
29031,MO,78834.0,0.22,0.21,0.23
29033,MO,8723.0,0.22,0.18,0.26
29035,MO,6085.0,0.27,0.18,0.37
29037,MO,104687.0,0.31,0.3,0.32
29039,MO,14144.0,0.21,0.17,0.25
29041,MO,7449.0,0.21,0.17,0.25
29043,MO,87324.0,0.26,0.25,0.28
29045,MO,6783.0,0.23,0.17,0.3
29047,MO,246480.0,0.33,0.33,0.34
29049,MO,20503.0,0.33,0.3,0.37
29051,MO,76630.0,0.26,0.25,0.27
29053,MO,17522.0,0.23,0.2,0.26
29055,MO,23984.0,0.23,0.2,0.26
29057,MO,7571.0,0.15,0.1,0.21
29059,MO,16841.0,0.25,0.19,0.31
29061,MO,8294.0,0.16,0.11,0.22
29063,MO,11872.0,0.23,0.19,0.26
29065,MO,15518.0,0.2,0.16,0.23
29067,MO,13335.0,0.17,0.13,0.22
29069,MO,29657.0,0.18,0.15,0.2
29071,MO,103629.0,0.28,0.27,0.29
29073,MO,14673.0,0.24,0.2,0.27
29075,MO,6576.0,0.17,0.12,0.23
29077,MO,291574.0,0.28,0.28,0.29
29079,MO,9885.0,0.16,0.13,0.19
29081,MO,8427.0,0.14,0.11,0.17
29083,MO,21854.0,0.24,0.21,0.27
29085,MO,9452.0,0.21,0.12,0.3
29087,MO,4374.0,0.21,0.15,0.27
29089,MO,10022.0,0.18,0.15,0.22
29091,MO,40130.0,0.24,0.22,0.26
29093,MO,10150.0,0.29,0.21,0.36
29095,MO,700733.0,0.31,0.3,0.31
29097,MO,120528.0,0.26,0.25,0.27
29099,MO,224777.0,0.31,0.3,0.32
29101,MO,53948.0,0.2,0.19,0.22
29103,MO,3948.0,0.12,0.07,0.17
29105,MO,35680.0,0.25,0.22,0.27
29107,MO,32697.0,0.23,0.21,0.25
29109,MO,38241.0,0.22,0.18,0.25
29111,MO,9898.0,0.19,0.14,0.23
29113,MO,57590.0,0.22,0.21,0.24
29115,MO,12004.0,0.2,0.16,0.24
29117,MO,14969.0,0.21,0.18,0.24
29119,MO,22882.0,0.16,0.14,0.18
29121,MO,15154.0,0.22,0.19,0.26
29123,MO,12176.0,0.22,0.18,0.26
29125,MO,8791.0,0.22,0.18,0.26
29127,MO,28572.0,0.22,0.2,0.23
29129,MO,3623.0,0.2,0.16,0.25
29131,MO,25369.0,0.21,0.18,0.24
29133,MO,13328.0,0.17,0.13,0.21
29135,MO,15907.0,0.23,0.2,0.26
29137,MO,8630.0,0.19,0.08,0.3
29139,MO,11414.0,0.24,0.19,0.3
29141,MO,20438.0,0.21,0.18,0.23
29143,MO,17275.0,0.15,0.12,0.18
29145,MO,58288.0,0.24,0.22,0.25
29147,MO,22199.0,0.24,0.21,0.27
29149,MO,10561.0,0.17,0.12,0.22
29151,MO,13613.0,0.22,0.18,0.26
29153,MO,9138.0,0.15,0.07,0.22
29155,MO,16330.0,0.17,0.14,0.2
29157,MO,19227.0,0.21,0.18,0.23
29159,MO,42421.0,0.19,0.17,0.2
29161,MO,44587.0,0.26,0.24,0.27
29163,MO,18158.0,0.19,0.16,0.23
29165,MO,102848.0,0.31,0.3,0.32
29167,MO,32031.0,0.21,0.19,0.23
29169,MO,52359.0,0.15,0.13,0.16
29171,MO,4746.0,0.15,0.1,0.19
29173,MO,10258.0,0.19,0.16,0.23
29175,MO,24769.0,0.26,0.23,0.29
29177,MO,22900.0,0.26,0.23,0.3
29179,MO,6274.0,0.17,0.11,0.22
29181,MO,13484.0,0.23,0.18,0.27
29183,MO,398472.0,0.33,0.33,0.34
29185,MO,9455.0,0.24,0.16,0.32
29186,MO,17887.0,0.24,0.21,0.28
29187,MO,66653.0,0.21,0.19,0.22
29189,MO,996179.0,0.34,0.33,0.34
29195,MO,22932.0,0.18,0.16,0.2
29197,MO,4550.0,,,
29199,MO,4923.0,0.16,0.11,0.21
29201,MO,38538.0,0.16,0.15,0.18
29203,MO,8207.0,0.23,0.16,0.29
29205,MO,5975.0,0.16,0.1,0.21
29207,MO,29255.0,0.19,0.17,0.21
29209,MO,31875.0,0.23,0.2,0.26
29211,MO,6163.0,0.22,0.15,0.29
29213,MO,55563.0,0.23,0.21,0.24
29215,MO,25518.0,0.22,0.19,0.25
29217,MO,20560.0,0.17,0.14,0.2
29219,MO,35090.0,0.23,0.21,0.25
29221,MO,24819.0,0.24,0.2,0.29
29223,MO,13058.0,0.2,0.15,0.26
29225,MO,39127.0,0.22,0.2,0.25
29227,MO,2001.0,,,
29229,MO,18256.0,0.18,0.15,0.21
29510,MO,304709.0,0.29,0.28,0.29
30001,MT,9454.0,0.16,0.14,0.19
30003,MT,13302.0,0.13,0.09,0.17
30005,MT,6698.0,0.09,0.06,0.12
30007,MT,6080.0,0.18,0.13,0.23
30009,MT,10689.0,0.15,0.11,0.18
30011,MT,1305.0,,,
30013,MT,81576.0,0.22,0.21,0.23
30015,MT,5731.0,0.14,0.09,0.18
30017,MT,11563.0,0.16,0.14,0.19
30019,MT,1705.0,0.15,0.1,0.2
30021,MT,8824.0,0.16,0.14,0.19
30023,MT,9153.0,0.18,0.15,0.2
30025,MT,2975.0,0.11,0.07,0.15
30027,MT,11167.0,0.18,0.15,0.21
30029,MT,102001.0,0.21,0.2,0.22
30031,MT,111401.0,0.28,0.27,0.29
30033,MT,1051.0,0.11,0.05,0.18
30035,MT,13706.0,0.13,0.1,0.16
30037,MT,814.0,,,
30039,MT,3325.0,0.18,0.11,0.25
30041,MT,16422.0,0.11,0.1,0.13
30043,MT,12069.0,0.15,0.12,0.18
30045,MT,1968.0,0.08,0.03,0.12
30047,MT,30383.0,0.19,0.17,0.2
30049,MT,68714.0,0.23,0.22,0.24
30051,MT,2455.0,0.11,0.04,0.17
30053,MT,19845.0,0.18,0.16,0.21
30055,MT,1826.0,0.15,0.09,0.21
30057,MT,8530.0,0.24,0.21,0.26
30059,MT,1795.0,0.15,0.09,0.21
30061,MT,4330.0,0.19,0.14,0.24
30063,MT,119062.0,0.25,0.24,0.26
30065,MT,4682.0,0.15,0.11,0.19
30067,MT,16513.0,0.22,0.2,0.24
30069,MT,464.0,,,
30071,MT,4032.0,0.09,0.05,0.13
30073,MT,5911.0,0.16,0.12,0.2
30075,MT,1634.0,0.13,0.07,0.18
30077,MT,6843.0,0.14,0.09,0.19
30079,MT,1162.0,,,
30081,MT,43424.0,0.2,0.19,0.22
30083,MT,11097.0,0.13,0.1,0.15
30085,MT,11091.0,0.09,0.07,0.11
30087,MT,9065.0,0.12,0.09,0.15
30089,MT,11804.0,0.16,0.14,0.19
30091,MT,3389.0,0.18,0.13,0.23
30093,MT,34895.0,0.21,0.19,0.22
30095,MT,9562.0,0.21,0.16,0.26
30097,MT,3676.0,0.18,0.14,0.23
30099,MT,6127.0,0.19,0.15,0.24
30101,MT,4812.0,0.15,0.1,0.19
30103,MT,614.0,,,
30105,MT,7424.0,0.1,0.07,0.13
30107,MT,2138.0,0.19,0.12,0.27
30109,MT,1037.0,0.16,0.07,0.26
30111,MT,160390.0,0.22,0.21,0.23
31001,NE,31541.0,0.25,0.23,0.27
31003,NE,6315.0,0.2,0.14,0.26
31005,NE,439.0,,,
31007,NE,645.0,,,
31009,NE,467.0,,,
31011,NE,5228.0,0.12,0.08,0.16
31013,NE,10845.0,0.16,0.13,0.18
31015,NE,1882.0,,,
31017,NE,2887.0,0.21,0.14,0.29
31019,NE,49594.0,0.19,0.17,0.2
31021,NE,6503.0,0.2,0.14,0.25
31023,NE,7997.0,0.19,0.14,0.25
31025,NE,26022.0,0.24,0.21,0.26
31027,NE,8483.0,0.16,0.12,0.21
31029,NE,3707.0,0.17,0.12,0.22
31031,NE,5801.0,0.19,0.14,0.24
31033,NE,9428.0,0.16,0.14,0.18
31035,NE,6193.0,0.22,0.17,0.27
31037,NE,10681.0,0.23,0.17,0.3
31039,NE,8882.0,0.24,0.2,0.29
31041,NE,10788.0,0.21,0.17,0.24
31043,NE,20124.0,0.2,0.17,0.23
31045,NE,8685.0,0.19,0.16,0.22
31047,NE,23638.0,0.16,0.14,0.18
31049,NE,1770.0,0.2,0.13,0.27
31051,NE,5682.0,0.21,0.15,0.28
31053,NE,36565.0,0.24,0.22,0.26
31055,NE,565739.0,0.28,0.27,0.28
31057,NE,1928.0,0.11,0.06,0.16
31059,NE,5542.0,0.23,0.18,0.27
31061,NE,2970.0,0.17,0.08,0.26
31063,NE,2636.0,0.18,0.12,0.24
31065,NE,4712.0,0.12,0.08,0.17
31067,NE,21548.0,0.2,0.18,0.22
31069,NE,1916.0,,,
31071,NE,2081.0,0.22,0.14,0.31
31073,NE,2001.0,0.18,0.1,0.26
31075,NE,691.0,,,
31077,NE,2361.0,0.1,0.02,0.18
31079,NE,61338.0,0.2,0.19,0.21
31081,NE,9219.0,0.24,0.2,0.28
31083,NE,3380.0,0.12,0.06,0.18
31085,NE,889.0,,,
31087,NE,2788.0,0.15,0.09,0.21
31089,NE,10123.0,0.18,0.14,0.22
31091,NE,741.0,,,
31093,NE,6428.0,0.13,0.06,0.19
31095,NE,7102.0,0.22,0.17,0.26
31097,NE,5118.0,0.2,0.12,0.29
31099,NE,6588.0,0.13,0.09,0.18
31101,NE,8048.0,0.19,0.15,0.23
31103,NE,875.0,,,
31105,NE,3576.0,0.18,0.1,0.27
31107,NE,8400.0,0.18,0.15,0.22
31109,NE,315976.0,0.26,0.26,0.27
31111,NE,35042.0,0.17,0.16,0.19
31113,NE,896.0,,,
31115,NE,690.0,,,
31117,NE,420.0,,,
31119,NE,35023.0,0.23,0.21,0.25
31121,NE,7826.0,0.19,0.15,0.24
31123,NE,4711.0,0.14,0.07,0.22
31125,NE,3525.0,0.16,0.09,0.23
31127,NE,6978.0,0.18,0.14,0.22
31129,NE,4204.0,0.15,0.09,0.21
31131,NE,15965.0,0.22,0.19,0.25
31133,NE,2640.0,,,
31135,NE,2889.0,0.14,0.09,0.2
31137,NE,9050.0,0.2,0.16,0.23
31139,NE,7132.0,0.2,0.16,0.25
31141,NE,33250.0,0.24,0.22,0.26
31143,NE,5208.0,0.19,0.13,0.25
31145,NE,10725.0,0.16,0.14,0.19
31147,NE,7913.0,0.22,0.17,0.27
31149,NE,1430.0,0.25,0.16,0.34
31151,NE,14221.0,0.22,0.18,0.25
31153,NE,183956.0,0.29,0.28,0.3
31155,NE,21356.0,0.23,0.2,0.26
31157,NE,35884.0,0.21,0.17,0.24
31159,NE,17217.0,0.2,0.18,0.22
31161,NE,5215.0,0.2,0.11,0.29
31163,NE,3015.0,0.08,0.0,0.15
31165,NE,1298.0,0.19,0.17,0.21
31167,NE,5946.0,0.25,0.18,0.31
31169,NE,5000.0,0.18,0.12,0.23
31171,NE,586.0,,,
31173,NE,7218.0,0.11,0.08,0.14
31175,NE,4100.0,0.17,0.1,0.24
31177,NE,20546.0,0.26,0.24,0.29
31179,NE,9388.0,0.17,0.14,0.2
31181,NE,3497.0,0.23,0.17,0.28
31183,NE,689.0,,,
31185,NE,13671.0,0.21,0.18,0.23
32001,NV,24606.0,0.26,0.25,0.28
32003,NV,2228866.0,0.28,0.27,0.28
32005,NV,48486.0,0.32,0.3,0.33
32007,NV,52537.0,0.2,0.18,0.21
32009,NV,1030.0,,,
32011,NV,1839.0,0.22,0.18,0.27
32013,NV,16834.0,0.19,0.17,0.22
32015,NV,5565.0,0.13,0.08,0.18
32017,NV,5177.0,0.15,0.1,0.19
32019,NV,55667.0,0.28,0.26,0.3
32021,NV,4487.0,0.12,0.07,0.16
32023,NV,45514.0,0.31,0.3,0.33
32027,NV,6591.0,0.22,0.16,0.27
32029,NV,4086.0,0.29,0.27,0.3
32031,NV,464182.0,0.29,0.28,0.29
32033,NV,9570.0,0.17,0.13,0.2
32510,NV,55244.0,0.32,0.31,0.33
33001,NH,61174.0,0.34,0.32,0.35
33003,NH,48461.0,0.37,0.35,0.39
33005,NH,76040.0,0.36,0.34,0.37
33007,NH,31486.0,0.3,0.28,0.32
33009,NH,90331.0,0.35,0.34,0.36
33011,NH,415305.0,0.36,0.36,0.37
33013,NH,150902.0,0.34,0.33,0.35
33015,NH,308211.0,0.38,0.37,0.38
33017,NH,130161.0,0.34,0.33,0.35
33019,NH,43173.0,0.34,0.32,0.36
34001,NJ,264650.0,0.36,0.36,0.37
34003,NJ,931275.0,0.37,0.36,0.37
34005,NJ,446301.0,0.36,0.36,0.37
34007,NJ,506721.0,0.35,0.34,0.35
34009,NJ,92701.0,0.38,0.37,0.39
34011,NJ,150085.0,0.29,0.28,0.3
34013,NJ,798698.0,0.27,0.26,0.27
34015,NJ,291745.0,0.35,0.34,0.35
34017,NJ,671923.0,0.28,0.27,0.28
34019,NJ,125063.0,0.45,0.44,0.46
34021,NJ,368085.0,0.38,0.38,0.39
34023,NJ,825015.0,0.35,0.34,0.35
34025,NJ,620821.0,0.39,0.38,0.39
34027,NJ,492715.0,0.39,0.39,0.4
34029,NJ,602018.0,0.39,0.38,0.39
34031,NJ,502763.0,0.32,0.31,0.32
34033,NJ,62754.0,0.31,0.3,0.33
34035,NJ,330151.0,0.4,0.39,0.4
34037,NJ,140996.0,0.4,0.39,0.41
34039,NJ,555208.0,0.32,0.31,0.32
34041,NJ,105730.0,0.37,0.35,0.38
35001,NM,679037.0,0.33,0.33,0.33
35003,NM,3547.0,,,
35005,NM,64912.0,0.26,0.24,0.27
35006,NM,26763.0,0.23,0.2,0.25
35007,NM,12106.0,0.26,0.22,0.3
35009,NM,49502.0,0.2,0.19,0.22
35011,NM,1995.0,0.29,0.21,0.37
35013,NM,217696.0,0.29,0.28,0.31
35015,NM,57865.0,0.24,0.22,0.25
35017,NM,27391.0,0.3,0.28,0.32
35019,NM,4336.0,0.24,0.18,0.3
35021,NM,432.0,0.2,0.12,0.27
35023,NM,4234.0,0.26,0.19,0.33
35025,NM,70359.0,0.15,0.14,0.16
35027,NM,19640.0,0.25,0.22,0.28
35028,NM,18976.0,,,
35029,NM,24022.0,0.25,0.22,0.28
35031,NM,71956.0,0.14,0.12,0.16
35033,NM,4500.0,0.25,0.18,0.32
35035,NM,66804.0,0.24,0.22,0.25
35037,NM,8265.0,0.25,0.21,0.3
35039,NM,38962.0,0.24,0.23,0.26
35041,NM,18723.0,0.19,0.16,0.21
35043,NM,144954.0,0.33,0.32,0.34
35045,NM,125608.0,0.22,0.21,0.24
35047,NM,27546.0,0.33,0.3,0.36
35049,NM,150319.0,0.37,0.36,0.38
35051,NM,10988.0,0.27,0.24,0.31
35053,NM,16723.0,0.32,0.28,0.37
35055,NM,32759.0,0.33,0.3,0.35
35057,NM,15477.0,0.38,0.33,0.43
35059,NM,4106.0,0.12,0.08,0.17
35061,NM,76518.0,0.31,0.29,0.33
36001,NY,306165.0,0.41,0.4,0.41
36003,NY,46304.0,0.27,0.25,0.29
36005,NY,1427056.0,0.23,0.23,0.24
36007,NY,192042.0,0.36,0.35,0.37
36009,NY,76750.0,0.31,0.29,0.33
36011,NY,76958.0,0.37,0.36,0.39
36013,NY,127584.0,0.38,0.37,0.39
36015,NY,84115.0,0.29,0.28,0.3
36017,NY,47527.0,0.36,0.34,0.38
36019,NY,80320.0,0.32,0.31,0.34
36021,NY,60016.0,0.44,0.42,0.45
36023,NY,47618.0,0.37,0.35,0.39
36025,NY,44676.0,0.38,0.36,0.4
36027,NY,293524.0,0.39,0.38,0.4
36029,NY,918873.0,0.41,0.41,0.42
36031,NY,37281.0,0.32,0.29,0.34
36033,NY,50389.0,0.32,0.3,0.34
36035,NY,53452.0,0.36,0.34,0.37
36037,NY,57554.0,0.39,0.37,0.41
36039,NY,47335.0,0.4,0.38,0.42
36041,NY,4454.0,0.32,0.29,0.35
36043,NY,61738.0,0.31,0.29,0.33
36045,NY,111454.0,0.23,0.22,0.24
36047,NY,2576771.0,0.26,0.26,0.27
36049,NY,26456.0,0.28,0.24,0.32
36051,NY,63218.0,0.37,0.36,0.39
36053,NY,70990.0,0.36,0.34,0.37
36055,NY,743084.0,0.4,0.39,0.4
36057,NY,49294.0,0.38,0.36,0.4
36059,NY,1355683.0,0.41,0.41,0.41
36061,NY,1629153.0,0.32,0.32,0.33
36063,NY,210145.0,0.41,0.41,0.42
36065,NY,229074.0,0.32,0.31,0.32
36067,NY,461591.0,0.35,0.35,0.36
36069,NY,109774.0,0.41,0.4,0.43
36071,NY,382077.0,0.38,0.37,0.39
36073,NY,40624.0,0.34,0.32,0.37
36075,NY,117630.0,0.34,0.32,0.35
36077,NY,59593.0,0.37,0.36,0.39
36079,NY,98714.0,0.45,0.44,0.46
36081,NY,2270976.0,0.31,0.31,0.31
36083,NY,159013.0,0.42,0.41,0.43
36085,NY,475596.0,0.31,0.3,0.32
36087,NY,325213.0,0.33,0.32,0.34
36089,NY,108352.0,0.3,0.29,0.31
36091,NY,229313.0,0.46,0.46,0.47
36093,NY,155086.0,0.41,0.4,0.42
36095,NY,31189.0,0.36,0.34,0.38
36097,NY,17845.0,0.28,0.26,0.31
36099,NY,34295.0,0.34,0.32,0.36
36101,NY,95843.0,0.33,0.31,0.34
36103,NY,1481364.0,0.42,0.41,0.42
36105,NY,75329.0,0.3,0.28,0.32
36107,NY,48431.0,0.36,0.34,0.39
36109,NY,102237.0,0.36,0.35,0.37
36111,NY,178371.0,0.39,0.38,0.4
36113,NY,64187.0,0.42,0.4,0.43
36115,NY,61304.0,0.38,0.36,0.41
36117,NY,90103.0,0.38,0.37,0.4
36119,NY,968738.0,0.39,0.38,0.39
36121,NY,40027.0,0.31,0.29,0.34
36123,NY,24981.0,0.32,0.3,0.35
37001,NC,166144.0,0.29,0.28,0.3
37003,NC,37271.0,0.19,0.17,0.21
37005,NC,11085.0,0.2,0.18,0.23
37007,NC,24430.0,0.2,0.17,0.23
37009,NC,27009.0,0.26,0.24,0.28
37011,NC,17510.0,0.21,0.18,0.24
37013,NC,47160.0,0.21,0.19,0.23
37015,NC,19081.0,0.2,0.16,0.24
37017,NC,33209.0,0.16,0.14,0.18
37019,NC,137303.0,0.33,0.32,0.34
37021,NC,259576.0,0.31,0.31,0.32
37023,NC,90148.0,0.23,0.22,0.24
37025,NC,211605.0,0.26,0.26,0.27
37027,NC,82056.0,0.2,0.19,0.22
37029,NC,10654.0,0.2,0.17,0.24
37031,NC,69301.0,0.26,0.25,0.28
37033,NC,22619.0,0.24,0.19,0.29
37035,NC,158507.0,0.24,0.24,0.25
37037,NC,72853.0,0.32,0.3,0.33
37039,NC,28413.0,0.22,0.2,0.24
37041,NC,13995.0,0.18,0.16,0.21
37043,NC,11150.0,0.22,0.19,0.25
37045,NC,97765.0,0.23,0.22,0.24
37047,NC,55659.0,0.2,0.18,0.23
37049,NC,102290.0,0.23,0.22,0.24
37051,NC,334562.0,0.2,0.19,0.2
37053,NC,27210.0,0.21,0.19,0.23
37055,NC,36698.0,0.26,0.24,0.27
37057,NC,166837.0,0.24,0.24,0.25
37059,NC,42543.0,0.26,0.24,0.28
37061,NC,58965.0,0.21,0.19,0.23
37063,NC,317665.0,0.33,0.32,0.33
37065,NC,52069.0,0.22,0.2,0.24
37067,NC,378499.0,0.28,0.28,0.29
37069,NC,68027.0,0.27,0.26,0.28
37071,NC,222119.0,0.25,0.24,0.25
37073,NC,11519.0,0.23,0.18,0.28
37075,NC,8501.0,0.16,0.12,0.21
37077,NC,59823.0,0.27,0.25,0.29
37079,NC,20987.0,0.22,0.18,0.27
37081,NC,532956.0,0.28,0.28,0.29
37083,NC,50678.0,0.21,0.19,0.23
37085,NC,134328.0,0.23,0.22,0.23
37087,NC,61862.0,0.3,0.29,0.32
37089,NC,116298.0,0.32,0.31,0.33
37091,NC,23752.0,0.22,0.2,0.25
37093,NC,54590.0,0.17,0.16,0.18
37095,NC,5089.0,0.17,0.13,0.21
37097,NC,178853.0,0.29,0.29,0.3
37099,NC,43435.0,0.27,0.25,0.28
37101,NC,203308.0,0.25,0.24,0.26
37103,NC,9453.0,0.21,0.16,0.25
37105,NC,61083.0,0.22,0.21,0.23
37107,NC,56350.0,0.22,0.2,0.24
37109,NC,84580.0,0.25,0.24,0.26
37111,NC,45402.0,0.2,0.18,0.22
37113,NC,35172.0,0.23,0.22,0.25
37115,NC,21608.0,0.19,0.16,0.22
37117,NC,22644.0,0.2,0.17,0.22
37119,NC,1095170.0,0.29,0.29,0.3
37121,NC,14959.0,0.21,0.19,0.24
37123,NC,27223.0,0.2,0.17,0.22
37125,NC,99263.0,0.27,0.26,0.28
37127,NC,94287.0,0.25,0.24,0.26
37129,NC,231448.0,0.3,0.29,0.3
37131,NC,19672.0,0.21,0.17,0.25
37133,NC,198377.0,0.16,0.16,0.17
37135,NC,146354.0,0.36,0.35,0.37
37137,NC,12673.0,0.22,0.18,0.26
37139,NC,39775.0,0.19,0.18,0.2
37141,NC,61891.0,0.24,0.23,0.26
37143,NC,13513.0,0.2,0.17,0.22
37145,NC,39561.0,0.25,0.23,0.27
37147,NC,179961.0,0.23,0.22,0.24
37149,NC,20682.0,0.23,0.2,0.25
37151,NC,143460.0,0.23,0.22,0.24
37153,NC,44759.0,0.16,0.14,0.17
37155,NC,131656.0,0.18,0.17,0.19
37157,NC,91051.0,0.26,0.24,0.27
37159,NC,140978.0,0.26,0.24,0.27
37161,NC,66741.0,0.22,0.2,0.23
37163,NC,63284.0,0.22,0.2,0.23
37165,NC,34921.0,0.2,0.18,0.22
37167,NC,62050.0,0.23,0.21,0.24
37169,NC,45688.0,0.22,0.21,0.24
37171,NC,71904.0,0.23,0.22,0.24
37173,NC,14241.0,0.22,0.19,0.24
37175,NC,34039.0,0.33,0.31,0.35
37177,NC,3978.0,0.16,0.11,0.22
37179,NC,235767.0,0.27,0.27,0.28
37181,NC,44614.0,0.23,0.21,0.25
37183,NC,1091662.0,0.33,0.32,0.33
37185,NC,19746.0,0.25,0.21,0.29
37187,NC,11788.0,0.16,0.12,0.2
37189,NC,55669.0,0.27,0.26,0.28
37191,NC,123785.0,0.21,0.2,0.23
37193,NC,68341.0,0.25,0.23,0.26
37195,NC,81579.0,0.23,0.22,0.24
37197,NC,37589.0,0.23,0.21,0.25
37199,NC,17870.0,0.22,0.2,0.24
38001,ND,2271.0,0.23,0.17,0.29
38003,ND,10592.0,0.17,0.14,0.2
38005,ND,6860.0,0.14,0.09,0.18
38007,ND,886.0,0.2,0.11,0.29
38009,ND,6418.0,0.17,0.12,0.21
38011,ND,3091.0,0.17,0.12,0.21
38013,ND,2142.0,,,
38015,ND,95509.0,0.22,0.21,0.23
38017,ND,179937.0,0.26,0.25,0.26
38019,ND,3769.0,0.17,0.12,0.22
38021,ND,4857.0,0.15,0.11,0.18
38023,ND,2289.0,0.24,0.15,0.33
38025,ND,4362.0,0.12,0.08,0.17
38027,ND,2262.0,0.19,0.11,0.27
38029,ND,3262.0,0.1,0.05,0.15
38031,ND,3231.0,0.18,0.13,0.22
38033,ND,1796.0,0.1,0.05,0.15
38035,ND,70243.0,0.22,0.21,0.23
38037,ND,2318.0,0.16,0.09,0.22
38039,ND,2314.0,0.18,0.12,0.23
38041,ND,2510.0,0.08,0.02,0.14
38043,ND,2468.0,0.13,0.07,0.18
38045,ND,4225.0,0.21,0.15,0.27
38047,ND,1743.0,0.11,0.05,0.18
38049,ND,5825.0,0.15,0.07,0.24
38051,ND,2535.0,0.13,0.09,0.18
38053,ND,13836.0,0.14,0.11,0.17
38055,ND,9531.0,0.14,0.1,0.18
38057,ND,8359.0,0.16,0.14,0.19
38059,ND,31118.0,0.17,0.15,0.19
38061,ND,10348.0,0.13,0.11,0.15
38063,ND,2864.0,0.13,0.06,0.19
38065,ND,1962.0,0.12,0.07,0.18
38067,ND,6850.0,0.19,0.15,0.23
38069,ND,4061.0,0.2,0.16,0.25
38071,ND,11521.0,0.16,0.14,0.19
38073,ND,5258.0,0.14,0.11,0.18
38075,ND,2387.0,0.12,0.04,0.2
38077,ND,16245.0,0.17,0.15,0.19
38079,ND,14437.0,0.16,0.14,0.18
38081,ND,3899.0,0.15,0.11,0.18
38083,ND,1289.0,,,
38085,ND,4339.0,0.12,0.07,0.16
38087,ND,788.0,0.12,0.04,0.2
38089,ND,31164.0,0.16,0.14,0.17
38091,ND,1817.0,,,
38093,ND,20879.0,0.18,0.16,0.2
38095,ND,2191.0,0.12,0.06,0.18
38097,ND,7999.0,0.21,0.15,0.26
38099,ND,10642.0,0.19,0.16,0.23
38101,ND,68962.0,0.16,0.15,0.17
38103,ND,3889.0,0.17,0.12,0.21
38105,ND,36044.0,0.16,0.15,0.18
39001,OH,27685.0,0.2,0.17,0.22
39003,OH,102808.0,0.22,0.21,0.23
39005,OH,53533.0,0.26,0.24,0.27
39007,OH,97416.0,0.29,0.28,0.31
39009,OH,65945.0,0.26,0.25,0.28
39011,OH,45709.0,0.22,0.2,0.23
39013,OH,67424.0,0.28,0.26,0.29
39015,OH,43508.0,0.25,0.22,0.27
39017,OH,382129.0,0.33,0.32,0.33
39019,OH,27195.0,0.24,0.21,0.26
39021,OH,38861.0,0.25,0.23,0.27
39023,OH,134409.0,0.25,0.24,0.26
39025,OH,205616.0,0.33,0.32,0.34
39027,OH,42000.0,0.25,0.23,0.27
39029,OH,102514.0,0.26,0.25,0.28
39031,OH,36558.0,0.23,0.2,0.25
39033,OH,41603.0,0.2,0.17,0.22
39035,OH,1241475.0,0.35,0.34,0.35
39037,OH,51387.0,0.2,0.18,0.22
39039,OH,38024.0,0.26,0.24,0.28
39041,OH,205454.0,0.37,0.36,0.38
39043,OH,74419.0,0.29,0.28,0.31
39045,OH,156204.0,0.29,0.28,0.3
39047,OH,28609.0,0.2,0.18,0.22
39049,OH,1304715.0,0.32,0.31,0.32
39051,OH,42186.0,0.26,0.24,0.28
39053,OH,29995.0,0.21,0.18,0.23
39055,OH,93657.0,0.36,0.34,0.37
39057,OH,167867.0,0.31,0.3,0.32
39059,OH,38996.0,0.22,0.2,0.23
39061,OH,815790.0,0.33,0.33,0.33
39063,OH,75765.0,0.26,0.24,0.27
39065,OH,31393.0,0.22,0.2,0.24
39067,OH,15132.0,0.2,0.15,0.25
39069,OH,27068.0,0.24,0.21,0.26
39071,OH,43080.0,0.21,0.19,0.23
39073,OH,28306.0,0.2,0.18,0.21
39075,OH,43954.0,0.18,0.16,0.21
39077,OH,58271.0,0.23,0.22,0.25
39079,OH,32440.0,0.23,0.21,0.24
39081,OH,65943.0,0.27,0.25,0.28
39083,OH,61776.0,0.23,0.21,0.24
39085,OH,229755.0,0.39,0.38,0.4
39087,OH,59901.0,0.2,0.19,0.22
39089,OH,175409.0,0.31,0.3,0.32
39091,OH,45315.0,0.24,0.22,0.26
39093,OH,309134.0,0.34,0.33,0.34
39095,OH,430319.0,0.3,0.29,0.3
39097,OH,44248.0,0.33,0.31,0.35
39099,OH,228452.0,0.31,0.3,0.32
39101,OH,65179.0,0.25,0.23,0.26
39103,OH,179116.0,0.37,0.36,0.38
39105,OH,22974.0,0.17,0.15,0.2
39107,OH,41034.0,0.19,0.18,0.21
39109,OH,106074.0,0.29,0.28,0.3
39111,OH,13827.0,0.19,0.15,0.23
39113,OH,531988.0,0.32,0.31,0.32
39115,OH,14557.0,0.24,0.19,0.29
39117,OH,35148.0,0.23,0.21,0.24
39119,OH,86033.0,0.22,0.21,0.23
39121,OH,14410.0,0.22,0.16,0.27
39123,OH,40557.0,0.29,0.27,0.31
39125,OH,18742.0,0.22,0.18,0.25
39127,OH,36076.0,0.24,0.22,0.27
39129,OH,58112.0,0.26,0.25,0.28
39131,OH,27914.0,0.2,0.18,0.22
39133,OH,162476.0,0.37,0.36,0.38
39135,OH,40995.0,0.27,0.25,0.3
39137,OH,33836.0,0.23,0.21,0.25
39139,OH,121043.0,0.24,0.23,0.25
39141,OH,76816.0,0.22,0.21,0.23
39143,OH,58801.0,0.25,0.24,0.27
39145,OH,75441.0,0.19,0.17,0.2
39147,OH,55251.0,0.28,0.26,0.29
39149,OH,48610.0,0.21,0.2,0.23
39151,OH,371516.0,0.32,0.31,0.32
39153,OH,540810.0,0.37,0.37,0.38
39155,OH,199144.0,0.32,0.31,0.33
39157,OH,92165.0,0.22,0.21,0.23
39159,OH,57871.0,0.29,0.28,0.31
39161,OH,28213.0,0.18,0.16,0.21
39163,OH,13045.0,0.15,0.11,0.19
39165,OH,232540.0,0.35,0.34,0.36
39167,OH,60217.0,0.27,0.25,0.28
39169,OH,116063.0,0.27,0.26,0.28
39171,OH,36760.0,0.2,0.18,0.22
39173,OH,130662.0,0.29,0.28,0.3
39175,OH,21907.0,0.21,0.19,0.24
40001,OK,22171.0,0.14,0.11,0.16
40003,OK,5791.0,0.15,0.06,0.25
40005,OK,13815.0,0.12,0.09,0.16
40007,OK,5326.0,,,
40009,OK,21860.0,0.16,0.14,0.19
40011,OK,9521.0,0.25,0.21,0.3
40013,OK,47325.0,0.17,0.16,0.19
40015,OK,29179.0,0.2,0.17,0.23
40017,OK,144610.0,0.25,0.24,0.26
40019,OK,48380.0,0.2,0.19,0.22
40021,OK,48871.0,0.2,0.18,0.21
40023,OK,14727.0,0.11,0.07,0.14
40025,OK,2159.0,0.17,0.07,0.26
40027,OK,282189.0,0.25,0.24,0.25
40029,OK,5577.0,0.18,0.12,0.25
40031,OK,121374.0,0.16,0.15,0.17
40033,OK,5783.0,0.18,0.12,0.24
40035,OK,14274.0,0.17,0.14,0.19
40037,OK,71505.0,0.21,0.19,0.22
40039,OK,28929.0,0.19,0.17,0.21
40041,OK,42741.0,0.21,0.19,0.23
40043,OK,4885.0,0.2,0.11,0.29
40045,OK,3936.0,0.34,0.22,0.46
40047,OK,61555.0,0.21,0.19,0.22
40049,OK,27789.0,0.21,0.19,0.24
40051,OK,55315.0,0.23,0.21,0.24
40053,OK,4369.0,0.14,0.06,0.22
40055,OK,5790.0,0.12,0.05,0.18
40057,OK,2663.0,0.16,0.06,0.25
40059,OK,3730.0,,,
40061,OK,12688.0,0.14,0.11,0.17
40063,OK,13265.0,0.16,0.12,0.2
40065,OK,24808.0,0.19,0.17,0.22
40067,OK,6084.0,0.15,0.09,0.22
40069,OK,11028.0,0.25,0.19,0.32
40071,OK,44074.0,0.24,0.23,0.26
40073,OK,15811.0,0.18,0.16,0.21
40075,OK,8816.0,0.17,0.11,0.22
40077,OK,10239.0,0.16,0.12,0.19
40079,OK,49999.0,0.15,0.13,0.17
40081,OK,34936.0,0.19,0.16,0.21
40083,OK,47401.0,0.24,0.23,0.26
40085,OK,10128.0,0.18,0.14,0.23
40087,OK,39921.0,0.21,0.19,0.23
40089,OK,32913.0,0.15,0.13,0.16
40091,OK,19677.0,0.15,0.13,0.17
40093,OK,7654.0,0.18,0.13,0.22
40095,OK,16688.0,0.18,0.15,0.22
40097,OK,41098.0,0.2,0.18,0.22
40099,OK,13972.0,0.21,0.18,0.24
40101,OK,68451.0,0.19,0.18,0.2
40103,OK,11263.0,0.19,0.15,0.24
40105,OK,10243.0,0.19,0.13,0.24
40107,OK,11987.0,0.17,0.13,0.21
40109,OK,792668.0,0.26,0.26,0.27
40111,OK,38553.0,0.18,0.17,0.2
40113,OK,47074.0,0.22,0.2,0.23
40115,OK,31283.0,0.18,0.16,0.2
40117,OK,16402.0,0.26,0.22,0.3
40119,OK,81912.0,0.21,0.2,0.22
40121,OK,43955.0,0.18,0.17,0.2
40123,OK,38385.0,0.24,0.22,0.25
40125,OK,72511.0,0.19,0.18,0.21
40127,OK,11055.0,0.17,0.12,0.22
40129,OK,3635.0,0.17,0.09,0.26
40131,OK,92052.0,0.22,0.2,0.23
40133,OK,24624.0,0.16,0.14,0.19
40135,OK,41687.0,0.17,0.15,0.19
40137,OK,43401.0,0.2,0.18,0.21
40139,OK,20633.0,0.15,0.13,0.17
40141,OK,7347.0,0.18,0.13,0.23
40143,OK,650291.0,0.24,0.24,0.24
40145,OK,80264.0,0.22,0.2,0.23
40147,OK,51995.0,0.25,0.23,0.27
40149,OK,11066.0,0.2,0.14,0.27
40151,OK,8914.0,0.18,0.14,0.22
40153,OK,20352.0,0.17,0.15,0.19
41001,OR,16090.0,0.21,0.18,0.24
41003,OR,92168.0,0.38,0.37,0.39
41005,OR,415084.0,0.41,0.4,0.41
41007,OR,39656.0,0.32,0.3,0.33
41009,OR,52117.0,0.31,0.29,0.33
41011,OR,64175.0,0.29,0.28,0.31
41013,OR,23733.0,0.29,0.27,0.31
41015,OR,22889.0,0.28,0.25,0.3
41017,OR,191749.0,0.35,0.35,0.36
41019,OR,110015.0,0.25,0.24,0.27
41021,OR,1896.0,0.16,0.09,0.22
41023,OR,7174.0,0.19,0.15,0.22
41025,OR,7310.0,0.16,0.12,0.2
41027,OR,23270.0,0.29,0.27,0.31
41029,OR,218781.0,0.3,0.29,0.31
41031,OR,24048.0,0.22,0.19,0.25
41033,OR,87097.0,0.28,0.27,0.3
41035,OR,67606.0,0.23,0.22,0.25
41037,OR,7896.0,0.18,0.14,0.21
41039,OR,377749.0,0.34,0.34,0.35
41041,OR,49336.0,0.35,0.33,0.36
41043,OR,127216.0,0.34,0.33,0.35
41045,OR,30632.0,0.24,0.21,0.27
41047,OR,343742.0,0.32,0.32,0.33
41049,OR,11425.0,0.26,0.23,0.29
41051,OR,809869.0,0.38,0.37,0.38
41053,OR,84730.0,0.36,0.34,0.37
41055,OR,1686.0,,,
41057,OR,26782.0,0.34,0.31,0.36
41059,OR,77319.0,0.23,0.22,0.25
41061,OR,26502.0,0.23,0.21,0.25
41063,OR,7065.0,0.19,0.15,0.23
41065,OR,26274.0,0.19,0.17,0.2
41067,OR,595761.0,0.41,0.4,0.41
41069,OR,1417.0,,,
41071,OR,106087.0,0.32,0.31,0.33
42001,PA,102627.0,0.32,0.3,0.33
42003,PA,1218380.0,0.38,0.38,0.39
42005,PA,65356.0,0.31,0.29,0.33
42007,PA,164781.0,0.36,0.35,0.37
42009,PA,48154.0,0.3,0.27,0.32
42011,PA,419062.0,0.34,0.33,0.34
42013,PA,122495.0,0.31,0.3,0.32
42015,PA,60721.0,0.31,0.29,0.32
42017,PA,627668.0,0.4,0.4,0.41
42019,PA,187798.0,0.32,0.31,0.33
42021,PA,131611.0,0.29,0.28,0.3
42023,PA,4512.0,0.21,0.17,0.25
42025,PA,63964.0,0.33,0.32,0.34
42027,PA,162264.0,0.34,0.33,0.35
42029,PA,521980.0,0.4,0.4,0.4
42031,PA,38633.0,0.24,0.22,0.26
42033,PA,79466.0,0.26,0.24,0.27
42035,PA,38549.0,0.25,0.23,0.27
42037,PA,65390.0,0.28,0.27,0.3
42039,PA,85074.0,0.26,0.24,0.27
42041,PA,251487.0,0.35,0.34,0.35
42043,PA,277071.0,0.35,0.35,0.36
42045,PA,565328.0,0.36,0.36,0.37
42047,PA,30077.0,0.23,0.21,0.25
42049,PA,272046.0,0.32,0.31,0.33
42051,PA,130329.0,0.29,0.28,0.3
42053,PA,7190.0,0.15,0.08,0.21
42055,PA,154954.0,0.27,0.26,0.28
42057,PA,14492.0,0.24,0.19,0.29
42059,PA,36484.0,0.3,0.28,0.33
42061,PA,45145.0,0.25,0.23,0.27
42063,PA,84463.0,0.3,0.29,0.32
42065,PA,43570.0,0.22,0.21,0.24
42067,PA,24657.0,0.27,0.24,0.31
42069,PA,210162.0,0.32,0.31,0.32
42071,PA,543050.0,0.31,0.31,0.32
42073,PA,86148.0,0.36,0.35,0.38
42075,PA,140410.0,0.32,0.31,0.33
42077,PA,367338.0,0.32,0.32,0.33
42079,PA,317547.0,0.29,0.29,0.3
42081,PA,114014.0,0.27,0.26,0.29
42083,PA,41021.0,0.28,0.26,0.3
42085,PA,110519.0,0.29,0.27,0.3
42087,PA,46179.0,0.22,0.21,0.24
42089,PA,168824.0,0.3,0.29,0.31
42091,PA,827180.0,0.41,0.4,0.41
42093,PA,18178.0,0.3,0.28,0.32
42095,PA,304233.0,0.31,0.3,0.32
42097,PA,91234.0,0.28,0.27,0.29
42099,PA,46133.0,0.32,0.3,0.34
42101,PA,1581531.0,0.28,0.28,0.28
42103,PA,55660.0,0.37,0.35,0.38
42105,PA,16685.0,0.27,0.24,0.31
42107,PA,141935.0,0.29,0.28,0.3
42109,PA,40452.0,0.29,0.27,0.31
42111,PA,73844.0,0.3,0.29,0.32
42113,PA,6038.0,0.3,0.24,0.35
42115,PA,40604.0,0.31,0.29,0.33
42117,PA,40759.0,0.28,0.26,0.3
42119,PA,44831.0,0.28,0.26,0.3
42121,PA,51355.0,0.28,0.27,0.3
42123,PA,39466.0,0.3,0.28,0.32
42125,PA,207081.0,0.34,0.33,0.35
42127,PA,51268.0,0.34,0.32,0.36
42129,PA,350722.0,0.37,0.36,0.38
42131,PA,27078.0,0.35,0.32,0.37
42133,PA,447628.0,0.32,0.31,0.32
44001,RI,48645.0,0.44,0.42,0.45
44003,RI,164122.0,0.44,0.44,0.45
44005,RI,82731.0,0.44,0.43,0.45
44007,RI,636161.0,0.38,0.37,0.38
44009,RI,126139.0,0.45,0.44,0.46
45001,SC,24582.0,0.17,0.15,0.19
45003,SC,169947.0,0.3,0.29,0.31
45005,SC,8789.0,0.34,0.27,0.4
45007,SC,200183.0,0.25,0.24,0.26
45009,SC,14236.0,0.19,0.15,0.23
45011,SC,21170.0,0.22,0.19,0.24
45013,SC,189732.0,0.37,0.36,0.38
45015,SC,222103.0,0.28,0.27,0.29
45017,SC,14608.0,0.27,0.23,0.31
45019,SC,407543.0,0.33,0.32,0.33
45021,SC,57110.0,0.26,0.24,0.28
45023,SC,32260.0,0.26,0.23,0.28
45025,SC,45833.0,0.2,0.18,0.21
45027,SC,33865.0,0.24,0.22,0.26
45029,SC,37624.0,0.3,0.28,0.32
45031,SC,66858.0,0.2,0.18,0.21
45033,SC,30473.0,0.18,0.16,0.2
45035,SC,161309.0,0.31,0.3,0.32
45037,SC,27021.0,0.27,0.24,0.3
45039,SC,22406.0,0.29,0.26,0.32
45041,SC,138237.0,0.23,0.22,0.24
45043,SC,62150.0,0.3,0.28,0.31
45045,SC,516126.0,0.3,0.29,0.3
45047,SC,70672.0,0.23,0.22,0.24
45049,SC,19223.0,0.22,0.18,0.25
45051,SC,344186.0,0.33,0.33,0.34
45053,SC,29558.0,0.31,0.28,0.33
45055,SC,65926.0,0.27,0.26,0.29
45057,SC,95378.0,0.3,0.29,0.31
45059,SC,66990.0,0.24,0.23,0.26
45061,SC,17144.0,0.23,0.19,0.26
45063,SC,295033.0,0.3,0.29,0.31
45065,SC,9495.0,0.26,0.23,0.29
45067,SC,30954.0,0.22,0.19,0.24
45069,SC,26376.0,0.16,0.14,0.19
45071,SC,38329.0,0.29,0.27,0.31
45073,SC,78314.0,0.28,0.26,0.29
45075,SC,86953.0,0.23,0.22,0.25
45077,SC,125381.0,0.29,0.28,0.3
45079,SC,414660.0,0.28,0.28,0.29
45081,SC,20292.0,0.21,0.18,0.25
45083,SC,313791.0,0.29,0.28,0.29
45085,SC,106675.0,0.24,0.22,0.25
45087,SC,27325.0,0.2,0.17,0.23
45089,SC,30810.0,0.23,0.2,0.25
45091,SC,273887.0,0.32,0.32,0.33
46003,SD,2757.0,0.17,0.11,0.23
46005,SD,18338.0,0.19,0.17,0.21
46007,SD,3430.0,0.12,0.07,0.17
46009,SD,6914.0,0.17,0.13,0.2
46011,SD,35115.0,0.24,0.22,0.26
46013,SD,38988.0,0.2,0.19,0.22
46015,SD,5233.0,0.14,0.11,0.17
46017,SD,2005.0,0.58,0.5,0.66
46019,SD,10295.0,0.14,0.11,0.17
46021,SD,1458.0,0.13,0.05,0.21
46023,SD,9324.0,0.15,0.12,0.18
46025,SD,3715.0,0.18,0.09,0.26
46027,SD,14076.0,0.19,0.16,0.23
46029,SD,28133.0,0.19,0.17,0.21
46031,SD,4106.0,0.14,0.08,0.2
46033,SD,8826.0,0.17,0.14,0.2
46035,SD,19890.0,0.22,0.2,0.24
46037,SD,5452.0,0.18,0.1,0.25
46039,SD,4309.0,0.17,0.13,0.22
46041,SD,5841.0,0.1,0.07,0.13
46043,SD,2913.0,0.13,0.08,0.18
46045,SD,3876.0,0.15,0.08,0.21
46047,SD,6721.0,0.2,0.17,0.24
46049,SD,2315.0,0.15,0.1,0.2
46051,SD,7125.0,0.2,0.16,0.23
46053,SD,4193.0,0.16,0.1,0.21
46055,SD,1935.0,0.14,0.08,0.2
46057,SD,6104.0,0.18,0.11,0.25
46059,SD,3064.0,0.16,0.09,0.23
46061,SD,3423.0,0.32,0.2,0.44
46063,SD,1178.0,0.09,0.01,0.16
46065,SD,17560.0,0.21,0.19,0.23
46067,SD,7308.0,0.18,0.14,0.21
46069,SD,1446.0,0.15,0.1,0.21
46071,SD,3296.0,0.17,0.1,0.25
46073,SD,2009.0,0.13,0.06,0.2
46075,SD,873.0,0.14,0.06,0.22
46077,SD,4936.0,0.21,0.14,0.28
46079,SD,12747.0,0.21,0.17,0.25
46081,SD,25806.0,0.19,0.17,0.21
46083,SD,58887.0,0.21,0.2,0.22
46085,SD,3831.0,,,
46087,SD,5543.0,0.19,0.15,0.22
46089,SD,2316.0,0.21,0.15,0.28
46091,SD,4881.0,0.11,0.06,0.16
46093,SD,28149.0,0.16,0.14,0.18
46095,SD,2065.0,,,
46097,SD,2213.0,0.11,0.04,0.17
46099,SD,191682.0,0.2,0.19,0.2
46101,SD,6508.0,0.14,0.08,0.19
46102,SD,14277.0,0.14,0.12,0.17
46103,SD,112504.0,0.19,0.19,0.2
46105,SD,2996.0,0.11,0.08,0.14
46107,SD,2311.0,0.14,0.09,0.19
46109,SD,10310.0,0.16,0.13,0.19
46111,SD,2372.0,0.18,0.1,0.27
46115,SD,6438.0,0.19,0.12,0.26
46117,SD,3058.0,0.22,0.13,0.3
46119,SD,1278.0,0.19,0.13,0.26
46121,SD,10308.0,0.12,0.08,0.16
46123,SD,5448.0,0.1,0.07,0.14
46125,SD,8325.0,0.13,0.1,0.17
46127,SD,15659.0,0.31,0.28,0.34
46129,SD,5431.0,,,
46135,SD,22746.0,0.26,0.24,0.28
46137,SD,2767.0,0.17,0.08,0.27
47001,TN,76513.0,0.29,0.28,0.3
47003,TN,48937.0,0.19,0.17,0.21
47005,TN,16133.0,0.19,0.16,0.23
47007,TN,14961.0,0.19,0.16,0.22
47009,TN,131641.0,0.31,0.3,0.32
47011,TN,106924.0,0.25,0.24,0.26
47013,TN,39818.0,0.2,0.18,0.22
47015,TN,14374.0,0.22,0.19,0.25
47017,TN,27841.0,0.18,0.16,0.2
47019,TN,56452.0,0.22,0.2,0.24
47021,TN,40539.0,0.27,0.25,0.3
47023,TN,17260.0,0.23,0.2,0.26
47025,TN,31827.0,0.24,0.21,0.26
47027,TN,7640.0,0.18,0.13,0.23
47029,TN,35797.0,0.21,0.19,0.23
47031,TN,56024.0,0.23,0.21,0.24
47033,TN,14310.0,0.22,0.16,0.28
47035,TN,60016.0,0.25,0.23,0.26
47037,TN,690540.0,0.29,0.28,0.29
47039,TN,11663.0,0.2,0.17,0.24
47041,TN,20104.0,0.19,0.16,0.21
47043,TN,53289.0,0.27,0.25,0.29
47045,TN,37201.0,0.19,0.17,0.2
47047,TN,40612.0,0.28,0.26,0.3
47049,TN,18405.0,0.16,0.14,0.19
47051,TN,41999.0,0.25,0.23,0.27
47053,TN,49193.0,0.22,0.21,0.24
47055,TN,29403.0,0.23,0.2,0.25
47057,TN,23268.0,0.23,0.2,0.27
47059,TN,69077.0,0.24,0.23,0.26
47061,TN,13371.0,0.14,0.11,0.17
47063,TN,64479.0,0.24,0.23,0.25
47065,TN,364718.0,0.31,0.3,0.31
47067,TN,6568.0,0.15,0.11,0.2
47069,TN,25247.0,0.21,0.17,0.25
47071,TN,25665.0,0.22,0.19,0.25
47073,TN,56735.0,0.22,0.2,0.24
47075,TN,17391.0,0.2,0.18,0.23
47077,TN,27956.0,0.2,0.17,0.22
47079,TN,32251.0,0.2,0.18,0.22
47081,TN,25017.0,0.2,0.17,0.23
47083,TN,8201.0,0.21,0.17,0.26
47085,TN,18528.0,0.2,0.17,0.22
47087,TN,11767.0,0.21,0.17,0.24
47089,TN,54162.0,0.26,0.24,0.28
47091,TN,17755.0,0.19,0.17,0.21
47093,TN,466184.0,0.31,0.3,0.31
47095,TN,7273.0,0.2,0.14,0.25
47097,TN,25689.0,0.19,0.16,0.21
47099,TN,43780.0,0.24,0.22,0.26
47101,TN,12131.0,0.24,0.2,0.28
47103,TN,34158.0,0.25,0.23,0.27
47105,TN,53169.0,0.28,0.27,0.3
47107,TN,53392.0,0.21,0.19,0.23
47109,TN,25814.0,0.19,0.15,0.22
47111,TN,24208.0,0.19,0.16,0.21
47113,TN,97838.0,0.2,0.19,0.21
47115,TN,28639.0,0.28,0.27,0.3
47117,TN,33708.0,0.23,0.21,0.25
47119,TN,94615.0,0.27,0.26,0.28
47121,TN,12237.0,0.24,0.2,0.28
47123,TN,46413.0,0.24,0.22,0.26
47125,TN,204992.0,0.19,0.19,0.2
47127,TN,6396.0,0.27,0.2,0.33
47129,TN,21538.0,0.23,0.21,0.26
47131,TN,30343.0,0.19,0.17,0.22
47133,TN,22171.0,0.16,0.15,0.18
47135,TN,8020.0,0.18,0.14,0.22
47137,TN,5068.0,0.18,0.13,0.24
47139,TN,16807.0,0.24,0.2,0.27
47141,TN,78542.0,0.2,0.19,0.21
47143,TN,32964.0,0.23,0.21,0.25
47145,TN,53331.0,0.27,0.26,0.29
47147,TN,70982.0,0.2,0.19,0.2
47149,TN,324139.0,0.25,0.24,0.26
47151,TN,22020.0,0.16,0.14,0.18
47153,TN,14936.0,0.18,0.15,0.2
47155,TN,98007.0,0.27,0.25,0.28
47157,TN,936611.0,0.22,0.22,0.22
47159,TN,19926.0,0.22,0.19,0.25
47161,TN,13553.0,0.18,0.15,0.21
47163,TN,157707.0,0.25,0.24,0.26
47165,TN,187680.0,0.27,0.27,0.28
47167,TN,61562.0,0.25,0.23,0.27
47169,TN,10910.0,0.22,0.18,0.26
47171,TN,17821.0,0.24,0.21,0.27
47173,TN,19678.0,0.24,0.2,0.28
47175,TN,5813.0,0.16,0.11,0.21
47177,TN,40971.0,0.18,0.16,0.19
47179,TN,128874.0,0.25,0.24,0.26
47181,TN,16638.0,0.22,0.18,0.26
47183,TN,33377.0,0.23,0.2,0.25
47185,TN,27087.0,0.22,0.2,0.24
47187,TN,232380.0,0.32,0.31,0.33
47189,TN,140604.0,0.27,0.26,0.27
48001,TX,57917.0,0.22,0.2,0.25
48003,TX,18227.0,0.14,0.11,0.16
48005,TX,87119.0,0.22,0.21,0.23
48007,TX,24220.0,0.3,0.28,0.33
48009,TX,8754.0,0.16,0.15,0.18
48011,TX,1950.0,0.04,0.01,0.06
48013,TX,50194.0,0.23,0.21,0.25
48015,TX,29892.0,0.21,0.19,0.23
48017,TX,6916.0,0.15,0.1,0.19
48019,TX,22770.0,0.25,0.23,0.27
48021,TX,86839.0,0.28,0.27,0.3
48023,TX,3560.0,0.16,0.11,0.21
48025,TX,32609.0,0.17,0.15,0.19
48027,TX,355700.0,0.2,0.2,0.21
48029,TX,1978826.0,0.25,0.24,0.25
48031,TX,11733.0,0.29,0.25,0.33
48033,TX,653.0,,,
48035,TX,18428.0,0.16,0.13,0.18
48037,TX,93622.0,0.2,0.19,0.21
48039,TX,368062.0,0.22,0.22,0.23
48041,TX,226370.0,0.23,0.23,0.24
48043,TX,9231.0,0.15,0.12,0.18
48045,TX,1348.0,,,
48047,TX,7100.0,0.15,0.09,0.22
48049,TX,37805.0,0.2,0.19,0.22
48051,TX,18237.0,0.22,0.19,0.25
48053,TX,47548.0,0.27,0.25,0.28
48055,TX,42817.0,0.26,0.23,0.28
48057,TX,21470.0,0.24,0.21,0.26
48059,TX,13959.0,0.2,0.16,0.24
48061,TX,422135.0,0.24,0.23,0.24
48063,TX,12938.0,0.22,0.17,0.26
48065,TX,5957.0,0.17,0.13,0.2
48067,TX,30002.0,0.2,0.18,0.23
48069,TX,7561.0,0.14,0.08,0.2
48071,TX,42571.0,0.2,0.18,0.22
48073,TX,52341.0,0.2,0.19,0.22
48075,TX,7219.0,0.14,0.1,0.18
48077,TX,10444.0,0.15,0.12,0.18
48079,TX,2860.0,,,
48081,TX,3298.0,0.21,0.12,0.31
48083,TX,8281.0,0.16,0.12,0.19
48085,TX,1006038.0,0.29,0.28,0.29
48087,TX,2939.0,0.2,0.12,0.29
48089,TX,21357.0,0.21,0.19,0.24
48091,TX,148921.0,0.32,0.31,0.33
48093,TX,13597.0,0.2,0.17,0.23
48095,TX,3018.0,0.16,0.08,0.23
48097,TX,40428.0,0.21,0.19,0.23
48099,TX,75576.0,0.16,0.15,0.17
48101,TX,1624.0,0.11,0.04,0.18
48103,TX,4739.0,0.17,0.1,0.24
48105,TX,3393.0,0.19,0.12,0.26
48107,TX,5753.0,0.13,0.05,0.22
48109,TX,2183.0,0.15,0.08,0.22
48111,TX,7272.0,0.13,0.1,0.15
48113,TX,2622634.0,0.26,0.26,0.26
48115,TX,12849.0,0.16,0.12,0.19
48117,TX,18617.0,0.18,0.15,0.21
48119,TX,5277.0,0.26,0.17,0.36
48121,TX,861690.0,0.26,0.26,0.26
48123,TX,20217.0,0.21,0.18,0.23
48125,TX,2182.0,0.1,0.03,0.18
48127,TX,10232.0,0.14,0.1,0.17
48129,TX,3317.0,0.18,0.1,0.25
48131,TX,11194.0,0.15,0.1,0.19
48133,TX,18289.0,0.19,0.16,0.21
48135,TX,162067.0,0.16,0.15,0.16
48137,TX,1944.0,0.15,0.07,0.24
48139,TX,179484.0,0.24,0.23,0.24
48141,TX,836915.0,0.23,0.22,0.23
48143,TX,42226.0,0.19,0.18,0.21
48145,TX,17281.0,0.17,0.13,0.21
48147,TX,35046.0,0.19,0.17,0.21
48149,TX,25247.0,0.24,0.22,0.26
48151,TX,3827.0,0.14,0.06,0.23
48153,TX,5782.0,0.14,0.09,0.19
48155,TX,1207.0,,,
48157,TX,790892.0,0.24,0.24,0.25
48159,TX,10767.0,0.24,0.19,0.28
48161,TX,19744.0,0.2,0.16,0.23
48163,TX,20013.0,0.15,0.12,0.18
48165,TX,21077.0,0.12,0.1,0.15
48167,TX,337600.0,0.23,0.23,0.24
48169,TX,6028.0,0.18,0.11,0.25
48171,TX,26668.0,0.23,0.21,0.25
48173,TX,1447.0,0.17,0.07,0.27
48175,TX,7578.0,0.17,0.13,0.22
48177,TX,20828.0,0.21,0.19,0.24
48179,TX,22063.0,0.13,0.11,0.15
48181,TX,133527.0,0.22,0.21,0.23
48183,TX,123633.0,0.23,0.22,0.24
48185,TX,28447.0,0.22,0.19,0.24
48187,TX,163030.0,0.28,0.27,0.29
48189,TX,33463.0,0.15,0.13,0.17
48191,TX,3025.0,0.07,0.03,0.11
48193,TX,8434.0,0.2,0.17,0.24
48195,TX,5431.0,0.07,0.03,0.12
48197,TX,3958.0,0.13,0.06,0.21
48199,TX,57356.0,0.18,0.17,0.2
48201,TX,4680609.0,0.25,0.25,0.25
48203,TX,66547.0,0.2,0.18,0.21
48205,TX,5588.0,,,
48207,TX,5711.0,0.11,0.07,0.15
48209,TX,222827.0,0.28,0.28,0.29
48211,TX,3901.0,0.12,0.08,0.17
48213,TX,81969.0,0.25,0.24,0.26
48215,TX,861137.0,0.23,0.23,0.24
48217,TX,36109.0,0.21,0.2,0.23
48219,TX,22986.0,0.17,0.15,0.18
48221,TX,60025.0,0.28,0.27,0.3
48223,TX,36708.0,0.23,0.21,0.25
48225,TX,22942.0,0.17,0.15,0.2
48227,TX,36213.0,0.14,0.13,0.16
48229,TX,4687.0,,,
48231,TX,96202.0,0.23,0.21,0.24
48233,TX,21105.0,0.19,0.16,0.21
48235,TX,1553.0,0.11,0.03,0.2
48237,TX,8888.0,0.22,0.16,0.27
48239,TX,14822.0,0.17,0.14,0.2
48241,TX,35562.0,0.18,0.16,0.21
48243,TX,2245.0,0.24,0.16,0.33
48245,TX,253136.0,0.22,0.21,0.23
48247,TX,5187.0,0.15,0.09,0.21
48249,TX,40796.0,0.17,0.15,0.19
48251,TX,171359.0,0.26,0.25,0.26
48253,TX,19874.0,0.19,0.17,0.21
48255,TX,15547.0,0.25,0.21,0.29
48257,TX,129792.0,0.23,0.22,0.24
48259,TX,45491.0,0.31,0.29,0.32
48261,TX,391.0,,,
48263,TX,704.0,,,
48265,TX,52195.0,0.3,0.28,0.31
48267,TX,4375.0,0.19,0.14,0.25
48269,TX,279.0,,,
48271,TX,3674.0,0.23,0.14,0.32
48273,TX,30725.0,0.17,0.15,0.19
48275,TX,3679.0,0.14,0.05,0.22
48277,TX,49705.0,0.17,0.15,0.18
48279,TX,13018.0,0.13,0.09,0.17
48281,TX,21152.0,0.21,0.18,0.24
48283,TX,7551.0,0.17,0.11,0.22
48285,TX,20072.0,0.22,0.19,0.25
48287,TX,17174.0,0.21,0.18,0.23
48289,TX,17325.0,0.2,0.18,0.22
48291,TX,86173.0,0.22,0.2,0.23
48293,TX,23364.0,0.19,0.16,0.22
48295,TX,3301.0,,,
48297,TX,12175.0,0.22,0.19,0.26
48299,TX,21452.0,0.25,0.23,0.27
48301,TX,117.0,,,
48303,TX,308392.0,0.19,0.19,0.2
48305,TX,5886.0,0.12,0.07,0.16
48307,TX,7970.0,0.15,0.11,0.19
48309,TX,254045.0,0.22,0.22,0.23
48311,TX,724.0,,,
48313,TX,14329.0,0.23,0.18,0.28
48315,TX,9987.0,0.19,0.13,0.24
48317,TX,5676.0,0.16,0.15,0.18
48319,TX,4248.0,0.21,0.16,0.26
48321,TX,36791.0,0.25,0.23,0.27
48323,TX,58098.0,0.46,0.44,0.48
48325,TX,50869.0,0.26,0.24,0.28
48327,TX,2108.0,0.15,0.07,0.24
48329,TX,171238.0,0.17,0.17,0.18
48331,TX,24797.0,0.19,0.16,0.21
48333,TX,4877.0,0.2,0.16,0.24
48335,TX,8256.0,0.13,0.09,0.18
48337,TX,19640.0,0.19,0.16,0.22
48339,TX,590188.0,0.27,0.26,0.27
48341,TX,21169.0,0.21,0.19,0.24
48343,TX,12357.0,0.18,0.14,0.23
48345,TX,1362.0,,,
48347,TX,65080.0,0.21,0.2,0.23
48349,TX,49475.0,0.13,0.12,0.14
48351,TX,13788.0,0.26,0.16,0.35
48353,TX,14901.0,0.17,0.14,0.2
48355,TX,362151.0,0.23,0.23,0.24
48357,TX,9907.0,0.1,0.07,0.13
48359,TX,2110.0,0.17,0.08,0.25
48361,TX,83776.0,0.22,0.21,0.23
48363,TX,28792.0,0.21,0.18,0.23
48365,TX,23186.0,0.18,0.15,0.21
48367,TX,138447.0,0.22,0.21,0.23
48369,TX,9639.0,0.12,0.08,0.16
48371,TX,15725.0,0.17,0.14,0.2
48373,TX,50155.0,0.22,0.21,0.24
48375,TX,118323.0,0.16,0.15,0.17
48377,TX,6808.0,0.12,0.07,0.17
48379,TX,12001.0,0.21,0.17,0.25
48381,TX,136005.0,0.17,0.17,0.18
48383,TX,3766.0,0.21,0.13,0.28
48385,TX,3429.0,0.25,0.19,0.31
48387,TX,12115.0,0.13,0.1,0.17
48389,TX,15546.0,0.11,0.09,0.14
48391,TX,7015.0,0.18,0.13,0.23
48393,TX,784.0,,,
48395,TX,17094.0,0.22,0.18,0.26
48397,TX,101175.0,0.27,0.26,0.28
48399,TX,10280.0,0.11,0.09,0.14
48401,TX,53988.0,0.24,0.22,0.26
48403,TX,10470.0,0.18,0.15,0.22
48405,TX,8260.0,0.23,0.16,0.3
48407,TX,28574.0,0.21,0.19,0.23
48409,TX,66969.0,0.23,0.21,0.24
48411,TX,6004.0,0.15,0.11,0.19
48413,TX,2898.0,0.17,0.11,0.24
48415,TX,16918.0,0.15,0.12,0.17
48417,TX,3291.0,0.18,0.1,0.25
48419,TX,25263.0,0.19,0.16,0.22
48421,TX,3046.0,0.15,0.09,0.22
48423,TX,230184.0,0.23,0.22,0.24
48425,TX,8958.0,0.23,0.19,0.28
48427,TX,64032.0,0.11,0.1,0.13
48429,TX,9358.0,0.14,0.11,0.18
48431,TX,1274.0,,,
48433,TX,1412.0,0.09,0.01,0.17
48435,TX,3793.0,0.14,0.08,0.2
48437,TX,7403.0,0.08,0.04,0.12
48439,TX,2077153.0,0.26,0.26,0.26
48441,TX,137521.0,0.19,0.18,0.2
48443,TX,903.0,,,
48445,TX,12408.0,0.13,0.1,0.15
48447,TX,1500.0,0.37,0.25,0.48
48449,TX,32709.0,0.2,0.18,0.22
48451,TX,118645.0,0.15,0.15,0.16
48453,TX,1250884.0,0.32,0.31,0.32
48455,TX,14689.0,0.2,0.17,0.24
48457,TX,21524.0,0.2,0.15,0.24
48459,TX,41386.0,0.22,0.2,0.24
48461,TX,3651.0,0.12,0.06,0.18
48463,TX,26899.0,0.19,0.16,0.21
48465,TX,49018.0,0.17,0.16,0.19
48467,TX,55970.0,0.24,0.22,0.25
48469,TX,92044.0,0.21,0.2,0.22
48471,TX,72295.0,0.25,0.23,0.26
48473,TX,53626.0,0.22,0.2,0.24
48475,TX,11745.0,0.15,0.11,0.18
48477,TX,35275.0,0.24,0.23,0.26
48479,TX,274847.0,0.27,0.26,0.28
48481,TX,41672.0,0.23,0.21,0.25
48483,TX,5187.0,0.11,0.05,0.17
48485,TX,132154.0,0.17,0.16,0.18
48487,TX,12717.0,0.19,0.16,0.22
48489,TX,21419.0,0.18,0.15,0.21
48491,TX,570437.0,0.31,0.3,0.31
48493,TX,50110.0,0.23,0.21,0.25
48495,TX,7822.0,0.17,0.12,0.22
48497,TX,67884.0,0.2,0.19,0.22
48499,TX,45054.0,0.24,0.23,0.26
48501,TX,8612.0,0.2,0.09,0.3
48503,TX,17961.0,0.19,0.16,0.21
48505,TX,14243.0,0.2,0.16,0.23
48507,TX,11930.0,0.14,0.1,0.17
49001,UT,6594.0,0.2,0.14,0.26
49003,UT,54953.0,0.23,0.22,0.25
49005,UT,126336.0,0.23,0.21,0.24
49007,UT,20401.0,0.24,0.22,0.26
49009,UT,590.0,0.18,0.08,0.29
49011,UT,350761.0,0.28,0.28,0.29
49013,UT,19950.0,0.11,0.09,0.13
49015,UT,10099.0,0.12,0.09,0.15
49017,UT,5000.0,0.16,0.11,0.2
49019,UT,9698.0,0.2,0.17,0.23
49021,UT,53148.0,0.24,0.23,0.26
49023,UT,11623.0,0.14,0.11,0.17
49025,UT,7658.0,0.24,0.21,0.28
49027,UT,12963.0,0.13,0.1,0.16
49029,UT,11950.0,0.25,0.2,0.29
49031,UT,1870.0,,,
49033,UT,2415.0,0.15,0.08,0.22
49035,UT,1146215.0,0.29,0.29,0.29
49037,UT,15295.0,0.08,0.05,0.11
49039,UT,30421.0,0.17,0.15,0.18
49041,UT,21475.0,0.19,0.17,0.22
49043,UT,41680.0,0.28,0.27,0.3
49045,UT,69740.0,0.25,0.24,0.27
49047,UT,35736.0,0.12,0.11,0.14
49049,UT,621506.0,0.25,0.24,0.25
49051,UT,33053.0,0.27,0.25,0.29
49053,UT,172127.0,0.27,0.26,0.28
49055,UT,2698.0,0.19,0.09,0.29
49057,UT,255284.0,0.28,0.28,0.29
50001,VT,36947.0,0.38,0.35,0.4
50003,VT,35649.0,0.34,0.32,0.36
50005,VT,30027.0,0.43,0.4,0.46
50007,VT,163414.0,0.4,0.39,0.41
50009,VT,6179.0,,,
50011,VT,49275.0,0.33,0.31,0.35
50013,VT,7075.0,0.34,0.29,0.4
50015,VT,25376.0,0.37,0.34,0.39
50017,VT,28873.0,0.41,0.39,0.44
50019,VT,26843.0,0.33,0.3,0.35
50021,VT,58527.0,0.34,0.32,0.35
50023,VT,58336.0,0.36,0.34,0.37
50025,VT,42628.0,0.38,0.36,0.39
50027,VT,55191.0,0.38,0.37,0.4
51001,VA,32560.0,0.18,0.16,0.2
51003,VA,108819.0,0.37,0.36,0.37
51005,VA,15030.0,0.27,0.24,0.3
51007,VA,12970.0,0.3,0.27,0.34
51009,VA,31782.0,0.3,0.28,0.33
51011,VA,15814.0,0.24,0.21,0.27
51013,VA,236434.0,0.37,0.37,0.38
51015,VA,75754.0,0.27,0.26,0.29
51017,VA,4248.0,0.23,0.19,0.27
51019,VA,78965.0,0.32,0.3,0.33
51021,VA,6334.0,0.3,0.21,0.4
51023,VA,33440.0,0.29,0.26,0.32
51025,VA,16336.0,0.32,0.27,0.38
51027,VA,21374.0,0.21,0.18,0.25
51029,VA,17087.0,0.28,0.26,0.31
51031,VA,55406.0,0.26,0.25,0.28
51033,VA,30581.0,0.28,0.26,0.31
51035,VA,29911.0,0.26,0.22,0.29
51036,VA,6965.0,0.31,0.24,0.39
51037,VA,11953.0,0.24,0.13,0.35
51041,VA,348500.0,0.32,0.31,0.33
51043,VA,14498.0,0.37,0.34,0.4
51045,VA,5103.0,0.25,0.2,0.31
51047,VA,51935.0,0.28,0.26,0.29
51049,VA,9869.0,0.25,0.22,0.27
51051,VA,14524.0,0.17,0.14,0.21
51053,VA,28686.0,0.23,0.21,0.24
51057,VA,10960.0,0.26,0.22,0.3
51059,VA,1149439.0,0.35,0.35,0.35
51061,VA,70353.0,0.3,0.28,0.31
51063,VA,15766.0,0.23,0.21,0.26
51065,VA,26873.0,0.33,0.31,0.35
51067,VA,56231.0,0.31,0.3,0.33
51069,VA,88054.0,0.3,0.29,0.31
51071,VA,16760.0,0.26,0.22,0.3
51073,VA,37362.0,0.25,0.24,0.27
51075,VA,23472.0,0.35,0.33,0.36
51077,VA,15651.0,0.22,0.19,0.25
51079,VA,19734.0,0.32,0.29,0.35
51081,VA,11403.0,0.23,0.19,0.26
51083,VA,34295.0,0.25,0.22,0.28
51085,VA,106538.0,0.36,0.35,0.37
51087,VA,330076.0,0.33,0.32,0.33
51089,VA,51032.0,0.27,0.26,0.29
51091,VA,2202.0,0.2,0.14,0.27
51093,VA,37107.0,0.29,0.27,0.31
51095,VA,76032.0,0.34,0.33,0.35
51097,VA,7011.0,,,
51099,VA,26679.0,0.26,0.24,0.28
51101,VA,16985.0,0.3,0.27,0.33
51103,VA,10686.0,0.33,0.29,0.37
51105,VA,23723.0,0.21,0.18,0.24
51107,VA,405312.0,0.31,0.31,0.32
51109,VA,36654.0,0.32,0.29,0.34
51111,VA,12294.0,0.25,0.2,0.3
51113,VA,13208.0,0.3,0.24,0.36
51115,VA,8760.0,0.24,0.19,0.29
51117,VA,30726.0,0.25,0.23,0.27
51119,VA,10642.0,0.27,0.24,0.31
51121,VA,98495.0,0.31,0.3,0.32
51125,VA,14812.0,0.32,0.29,0.35
51127,VA,22310.0,0.32,0.29,0.34
51131,VA,11826.0,0.27,0.24,0.31
51133,VA,12151.0,0.26,0.23,0.29
51135,VA,15338.0,0.27,0.23,0.31
51137,VA,36501.0,0.28,0.26,0.3
51139,VA,23862.0,0.3,0.27,0.33
51141,VA,17660.0,0.32,0.28,0.35
51143,VA,60867.0,0.24,0.23,0.26
51145,VA,29253.0,0.33,0.31,0.35
51147,VA,22892.0,0.35,0.28,0.43
51149,VA,38292.0,0.24,0.23,0.25
51153,VA,466834.0,0.29,0.28,0.29
51155,VA,34113.0,0.24,0.22,0.26
51157,VA,7360.0,0.34,0.29,0.39
51159,VA,8951.0,0.21,0.18,0.25
51161,VA,94103.0,0.32,0.31,0.33
51163,VA,22728.0,0.3,0.28,0.32
51165,VA,81138.0,0.27,0.26,0.28
51167,VA,26937.0,0.21,0.19,0.23
51169,VA,21761.0,0.24,0.21,0.27
51171,VA,43441.0,0.31,0.29,0.33
51173,VA,30539.0,0.23,0.21,0.25
51175,VA,17829.0,0.33,0.3,0.37
51177,VA,134683.0,0.28,0.27,0.29
51179,VA,150185.0,0.29,0.28,0.3
51181,VA,6459.0,0.25,0.17,0.32
51183,VA,11202.0,0.29,0.25,0.34
51185,VA,41201.0,0.2,0.19,0.22
51187,VA,39888.0,0.32,0.3,0.34
51191,VA,54005.0,0.24,0.22,0.25
51193,VA,17873.0,0.28,0.25,0.31
51195,VA,38032.0,0.19,0.17,0.21
51197,VA,28725.0,0.27,0.24,0.3
51199,VA,68389.0,0.29,0.27,0.3
51510,VA,158309.0,0.35,0.34,0.36
51520,VA,17059.0,0.24,0.22,0.26
51530,VA,6477.0,,,
51540,VA,47217.0,,,
51550,VA,242647.0,0.31,0.31,0.32
51570,VA,17283.0,,,
51580,VA,5653.0,,,
51590,VA,40668.0,,,
51595,VA,5408.0,,,
51600,VA,23312.0,,,
51610,VA,14309.0,0.42,0.4,0.45
51620,VA,8015.0,,,
51630,VA,29059.0,0.27,0.26,0.29
51640,VA,6402.0,,,
51650,VA,135169.0,0.28,0.27,0.29
51660,VA,53558.0,0.29,0.23,0.34
51670,VA,22500.0,,,
51678,VA,7205.0,,,
51680,VA,80970.0,0.3,0.29,0.32
51683,VA,41038.0,0.3,0.29,0.31
51685,VA,17548.0,,,
51690,VA,12646.0,,,
51700,VA,179582.0,0.26,0.25,0.27
51710,VA,244300.0,0.26,0.26,0.27
51720,VA,3969.0,,,
51730,VA,30791.0,,,
51735,VA,12121.0,0.29,0.26,0.32
51740,VA,94961.0,0.27,0.26,0.28
51750,VA,17833.0,0.23,0.16,0.29
51760,VA,229233.0,0.31,0.31,0.32
51770,VA,99122.0,0.27,0.26,0.28
51775,VA,25290.0,,,
51790,VA,24660.0,,,
51800,VA,91383.0,0.29,0.28,0.3
51810,VA,450882.0,0.33,0.33,0.34
51820,VA,22300.0,,,
51830,VA,15034.0,,,
51840,VA,27912.0,0.34,0.33,0.35
53001,WA,19702.0,0.19,0.16,0.22
53003,WA,22636.0,0.2,0.18,0.22
53005,WA,200715.0,0.31,0.3,0.31
53007,WA,76653.0,0.26,0.25,0.27
53009,WA,76482.0,0.28,0.27,0.29
53011,WA,481950.0,0.33,0.33,0.34
53013,WA,4024.0,0.26,0.21,0.32
53015,WA,108399.0,0.31,0.3,0.32
53017,WA,42520.0,0.24,0.23,0.26
53019,WA,7643.0,0.22,0.18,0.26
53021,WA,93681.0,0.28,0.27,0.29
53023,WA,2258.0,0.29,0.23,0.35
53025,WA,96648.0,0.2,0.19,0.21
53027,WA,73769.0,0.26,0.25,0.27
53029,WA,84187.0,0.33,0.32,0.34
53031,WA,31825.0,0.35,0.33,0.37
53033,WA,2225064.0,0.36,0.36,0.36
53035,WA,268945.0,0.28,0.28,0.29
53037,WA,47097.0,0.3,0.28,0.31
53039,WA,22055.0,0.28,0.25,0.31
53041,WA,79430.0,0.29,0.28,0.31
53043,WA,10732.0,0.26,0.22,0.3
53045,WA,65326.0,0.29,0.28,0.31
53047,WA,42080.0,0.22,0.21,0.24
53049,WA,22121.0,0.21,0.19,0.22
53051,WA,13588.0,0.25,0.23,0.28
53053,WA,891862.0,0.29,0.29,0.29
53055,WA,16953.0,0.33,0.3,0.35
53057,WA,127442.0,0.34,0.33,0.35
53059,WA,11906.0,0.27,0.23,0.3
53061,WA,811572.0,0.37,0.37,0.37
53063,WA,513402.0,0.3,0.29,0.3
53065,WA,45233.0,0.23,0.21,0.25
53067,WA,284698.0,0.33,0.32,0.33
53069,WA,4318.0,0.23,0.16,0.29
53071,WA,60785.0,0.27,0.25,0.28
53073,WA,224538.0,0.35,0.34,0.36
53075,WA,49577.0,0.28,0.27,0.3
53077,WA,250649.0,0.26,0.25,0.27
54001,WV,16543.0,0.23,0.2,0.27
54003,WV,117615.0,0.27,0.26,0.28
54005,WV,21897.0,0.24,0.21,0.28
54007,WV,14032.0,0.28,0.23,0.34
54009,WV,22162.0,0.28,0.24,0.31
54011,WV,93328.0,0.26,0.24,0.27
54013,WV,7185.0,0.26,0.18,0.34
54015,WV,8599.0,0.2,0.12,0.29
54017,WV,8499.0,0.23,0.19,0.27
54019,WV,43087.0,0.24,0.21,0.26
54021,WV,7970.0,0.2,0.13,0.26
54023,WV,11565.0,0.18,0.14,0.22
54025,WV,34893.0,0.25,0.23,0.27
54027,WV,23304.0,0.26,0.22,0.29
54029,WV,29118.0,0.25,0.23,0.27
54031,WV,13789.0,0.24,0.21,0.26
54033,WV,67620.0,0.28,0.27,0.29
54035,WV,28793.0,0.24,0.21,0.27
54037,WV,56922.0,0.29,0.28,0.3
54039,WV,181014.0,0.28,0.27,0.28
54041,WV,16024.0,0.2,0.17,0.22
54043,WV,20617.0,0.22,0.19,0.24
54045,WV,32593.0,0.21,0.19,0.23
54047,WV,18083.0,,,
54049,WV,56233.0,0.26,0.25,0.27
54051,WV,30900.0,0.25,0.22,0.27
54053,WV,26700.0,0.21,0.18,0.23
54055,WV,59370.0,0.27,0.26,0.29
54057,WV,27047.0,0.25,0.22,0.28
54059,WV,23808.0,0.19,0.16,0.22
54061,WV,106196.0,0.31,0.3,0.32
54063,WV,13344.0,0.3,0.23,0.36
54065,WV,17800.0,0.22,0.2,0.24
54067,WV,24857.0,0.25,0.22,0.28
54069,WV,41875.0,0.32,0.3,0.33
54071,WV,6968.0,0.23,0.18,0.28
54073,WV,7457.0,0.24,0.18,0.29
54075,WV,8382.0,0.22,0.17,0.27
54077,WV,33610.0,0.23,0.21,0.26
54079,WV,56604.0,0.28,0.27,0.3
54081,WV,74452.0,0.28,0.26,0.29
54083,WV,28763.0,0.22,0.2,0.24
54085,WV,9747.0,0.21,0.17,0.25
54087,WV,13831.0,0.24,0.19,0.28
54089,WV,12710.0,0.23,0.18,0.29
54091,WV,16817.0,0.23,0.2,0.26
54093,WV,6943.0,0.25,0.21,0.29
54095,WV,8736.0,0.25,0.18,0.32
54097,WV,24451.0,0.23,0.21,0.25
54099,WV,39952.0,0.24,0.22,0.27
54101,WV,8289.0,0.22,0.17,0.28
54103,WV,15291.0,0.29,0.25,0.34
54105,WV,5764.0,0.22,0.13,0.3
54107,WV,84387.0,0.29,0.28,0.3
54109,WV,20890.0,0.23,0.19,0.26
55001,WI,20208.0,0.24,0.22,0.26
55003,WI,15524.0,0.28,0.25,0.3
55005,WI,45182.0,0.23,0.21,0.24
55007,WI,15088.0,0.29,0.25,0.32
55009,WI,262559.0,0.29,0.29,0.3
55011,WI,13087.0,0.23,0.2,0.27
55013,WI,15363.0,0.25,0.23,0.28
55015,WI,50005.0,0.32,0.31,0.33
55017,WI,64175.0,0.28,0.26,0.29
55019,WI,34668.0,0.21,0.18,0.24
55021,WI,57331.0,0.27,0.26,0.29
55023,WI,16155.0,0.23,0.2,0.26
55025,WI,542459.0,0.36,0.35,0.36
55027,WI,87569.0,0.29,0.28,0.31
55029,WI,27621.0,0.25,0.23,0.27
55031,WI,43497.0,0.3,0.28,0.32
55033,WI,45029.0,0.26,0.24,0.28
55035,WI,104132.0,0.29,0.28,0.3
55037,WI,4312.0,0.21,0.13,0.29
55039,WI,102654.0,0.27,0.25,0.28
55041,WI,9003.0,0.18,0.14,0.22
55043,WI,51570.0,0.24,0.22,0.26
55045,WI,36790.0,0.29,0.26,0.31
55047,WI,18807.0,0.22,0.18,0.26
55049,WI,23632.0,0.29,0.26,0.32
55051,WI,5679.0,0.33,0.27,0.4
55053,WI,20556.0,0.25,0.22,0.28
55055,WI,84837.0,0.29,0.28,0.31
55057,WI,26603.0,0.25,0.22,0.27
55059,WI,168998.0,0.29,0.28,0.3
55061,WI,20398.0,0.27,0.23,0.3
55063,WI,118168.0,0.27,0.26,0.28
55065,WI,16682.0,0.23,0.19,0.26
55067,WI,19167.0,0.24,0.21,0.26
55069,WI,27687.0,0.25,0.23,0.27
55071,WI,78977.0,0.28,0.27,0.3
55073,WI,135485.0,0.28,0.27,0.3
55075,WI,40312.0,0.25,0.23,0.27
55077,WI,15380.0,0.24,0.22,0.27
55078,WI,4566.0,0.32,0.25,0.38
55079,WI,949180.0,0.3,0.29,0.3
55081,WI,46155.0,0.25,0.23,0.26
55083,WI,37870.0,0.23,0.21,0.25
55085,WI,35480.0,0.27,0.25,0.28
55087,WI,186829.0,0.33,0.32,0.34
55089,WI,89179.0,0.36,0.34,0.37
55091,WI,7261.0,0.22,0.18,0.26
55093,WI,42336.0,0.32,0.3,0.34
55095,WI,43549.0,0.26,0.24,0.28
55097,WI,70822.0,0.3,0.28,0.31
55099,WI,13351.0,0.23,0.19,0.26
55101,WI,195859.0,0.29,0.28,0.3
55103,WI,17408.0,0.22,0.19,0.25
55105,WI,162532.0,0.28,0.27,0.29
55107,WI,14074.0,0.22,0.19,0.25
55109,WI,89702.0,0.3,0.29,0.31
55111,WI,64152.0,0.27,0.26,0.29
55113,WI,16477.0,0.26,0.24,0.28
55115,WI,40813.0,0.24,0.23,0.26
55117,WI,115152.0,0.29,0.28,0.3
55119,WI,20320.0,0.25,0.22,0.28
55121,WI,29525.0,0.24,0.22,0.26
55123,WI,30759.0,0.25,0.23,0.27
55125,WI,21923.0,0.24,0.22,0.26
55127,WI,103391.0,0.3,0.29,0.31
55129,WI,15726.0,0.25,0.22,0.28
55131,WI,135529.0,0.3,0.29,0.31
55133,WI,402637.0,0.33,0.33,0.34
55135,WI,50997.0,0.26,0.25,0.28
55137,WI,24256.0,0.24,0.22,0.26
55139,WI,170924.0,0.34,0.33,0.35
55141,WI,72892.0,0.28,0.27,0.3
56001,WY,38664.0,0.25,0.24,0.27
56003,WY,11809.0,0.14,0.11,0.17
56005,WY,46958.0,0.15,0.14,0.16
56007,WY,15073.0,0.17,0.15,0.19
56009,WY,13842.0,0.17,0.14,0.19
56011,WY,7502.0,0.12,0.09,0.15
56013,WY,39711.0,0.14,0.13,0.16
56015,WY,13301.0,0.16,0.13,0.19
56017,WY,4550.0,0.16,0.12,0.2
56019,WY,8518.0,0.16,0.13,0.19
56021,WY,99272.0,0.2,0.19,0.21
56023,WY,19640.0,0.16,0.13,0.18
56025,WY,80067.0,0.2,0.19,0.21
56027,WY,2377.0,0.13,0.06,0.2
56029,WY,29273.0,0.2,0.18,0.22
56031,WY,8572.0,0.13,0.1,0.16
56033,WY,30397.0,0.17,0.16,0.19
56035,WY,9865.0,0.19,0.15,0.23
56037,WY,43352.0,0.19,0.18,0.2
56039,WY,23356.0,0.28,0.25,0.3
56041,WY,20374.0,0.15,0.11,0.18
56043,WY,7933.0,0.12,0.09,0.14
56045,WY,6942.0,0.15,0.11,0.18
2701,AK,,,,
2702,AK,,,,
2703,AK,,,,
2704,AK,,,,
2705,AK,,,,
2706,AK,,,,
2707,AK,,,,
2708,AK,,,,
2709,AK,,,,
2710,AK,,,,
2711,AK,,,,
2712,AK,,,,
2713,AK,,,,
2714,AK,,,,
2715,AK,,,,
2716,AK,,,,
2717,AK,,,,
2718,AK,,,,
2719,AK,,,,
2720,AK,,,,
2721,AK,,,,
2722,AK,,,,
2723,AK,,,,
2724,AK,,,,
2725,AK,,,,
2726,AK,,,,
2727,AK,,,,
2728,AK,,,,
2729,AK,,,,
2730,AK,,,,
2731,AK,,,,
2732,AK,,,,
2733,AK,,,,
2734,AK,,,,
2735,AK,,,,
2736,AK,,,,
2737,AK,,,,
2738,AK,,,,
2739,AK,,,,
2740,AK,,,,
2799,AK,,,,
23099,ME,,,,
44099,RI,,,,
